序號,建案名稱,鄉鎮市區,投資興建商,主要基地地號,使用分區,總戶數,基地最新成交日,基地成交筆數,基地平均單價(萬/坪),基地最低單價(萬/坪),基地最高單價(萬/坪),取得建照日,申報備查日,預售首筆成交日,預售最新成交日,預售已售戶數,銷售率(%),建案成交均價(萬/坪),建案最低單價(萬/坪),建案最高單價(萬/坪),建案平均總價(萬元),房地單價倍數比(倍),房地單價差額(萬/坪),購地至取得建照歷時(月),購地至首筆預售歷時(月),開案後銷售跨度(月),狀態,預估成交均價(萬/坪)
1,"綠之悅","三星鄉","乘悅建設股份有限公司","新大埔段289地號","特定農業區甲種建築用地",21,112/08/05,1,9.6,9.6,9.6,113/03/20,113/06/12,113/08/26,115/07/14,15,71.4,28,26.1,29.8,805.7,2.92,18.4,7.5,12.7,22.6,已開賣(有預售實登),
2,"原翠5","三星鄉","兆鋒建設有限公司","新日興段412地號","一般農業區甲種建築用地",23,111/04/19,2,8,7,9,113/07/30,113/09/23,114/01/22,115/05/03,11,47.8,28,26.4,31.3,1326.8,3.5,20,27.4,33.1,15.3,已開賣(有預售實登),
3,"園周綠第九期","三星鄉","森也建設有限公司","尾塹二段789地號","特定農業區甲種建築用地",18,111/07/30,1,11.5,11.5,11.5,112/08/31,112/10/30,112/11/29,113/08/02,18,100,26.9,23.1,29.6,1353.1,2.34,15.4,13,16,8.1,已開賣(有預售實登),
4,"舞氛美 獨棟別墅","三星鄉","大興發建設有限公司","頂義段410地號","特定農業區甲種建築用地",3,111/06/27,2,9.6,9.1,10,111/12/01,112/05/03,112/08/17,112/08/17,1,33.3,26.5,26.5,26.5,1920,2.76,16.9,5.2,13.7,0,已開賣(有預售實登),
5,"青庭river(透天區)","三星鄉","群祥建設有限公司","新日興段238-1地號","特定農業區甲種建築用地",8,112/04/05,1,14,14,14,112/09/11,112/10/04,112/11/22,113/04/27,8,100,26.3,25.7,28.5,1343,1.88,12.3,5.2,7.6,5.2,已開賣(有預售實登),
6,"青庭river(華廈區)","三星鄉","群祥建設有限公司","新日興段238地號","特定農業區甲種建築用地",54,112/04/05,1,14,14,14,112/11/14,112/11/16,112/12/02,115/03/15,52,96.3,25.5,24.1,26.8,733.5,1.82,11.5,7.3,7.9,27.4,已開賣(有預售實登),
7,"青豐","三星鄉","香城建設股份有限公司","大洲二段934地號","特定農業區甲種建築用地",53,113/04/08,1,9,9,9,114/09/18,114/11/10,115/01/03,115/07/19,44,83,25.4,23.8,29.2,843.2,2.82,16.4,17.3,20.9,6.5,已開賣(有預售實登),
8,"御東風","三星鄉","怡華實業股份有限公司","尾塹二段525地號","特定農業區甲種建築用地",31,110/04/23,1,8.7,8.7,8.7,111/04/11,112/09/19,112/11/30,113/07/05,18,58.1,25,22.6,27.1,1266.6,2.87,16.3,11.6,31.2,7.2,已開賣(有預售實登),
9,"宗硯大砌系列17","三星鄉","宗仁建設有限公司","大洲一段640地號","特定農業區甲種建築用地",14,110/06/16,1,6.7,6.7,6.7,111/12/13,112/05/13,112/09/30,113/08/09,14,100,24.8,22.9,29.7,1189.6,3.7,18.1,17.9,27.5,10.3,已開賣(有預售實登),
10,"謙藏3","三星鄉","美川開發有限公司","尾塹二段382地號","特定農業區甲種建築用地",24,113/07/29,2,15,15,15,115/03/24,115/05/04,115/06/04,115/07/25,17,71,24.4,22.1,26.4,434.3,1.63,9.4,19.8,22.2,1.7,已開賣(有預售實登),
11,"市星吉苑","三星鄉","沐水建設有限公司","義德段723地號","農業區",2,111/05/16,1,9,9,9,112/05/23,113/04/23,113/08/15,113/08/15,1,50,24.1,24.1,24.1,1300,2.68,15.1,12.2,27,0,已開賣(有預售實登),
12,"青見","三星鄉","九畝田有限公司","新日興段1290地號","特定農業區甲種建築用地",15,110/11/08,1,9.5,9.5,9.5,112/03/10,112/05/31,112/11/04,114/02/24,14,93.3,22.7,21.2,24.5,605.4,2.39,13.2,16,23.9,15.7,已開賣(有預售實登),
13,"向青苑2","三星鄉","仲和建築經理股份有限公司","尾塹二段463地號","特定農業區甲種建築用地",22,110/09/27,2,10.3,10,10.7,111/05/06,111/10/04,112/04/19,112/12/27,22,100,22.3,20.9,29.1,590.6,2.17,12,7.3,18.7,8.3,已開賣(有預售實登),
14,"謙藏","三星鄉","美川開發有限公司","家福段95-4地號","鄉村區乙種建築用地",8,111/02/15,1,11.8,11.8,11.8,112/03/01,112/04/24,112/07/08,113/03/24,8,100,22.2,21.1,24.1,911.6,1.88,10.4,12.5,16.7,8.5,已開賣(有預售實登),
15,"遇上露露","三星鄉","舒美興建設有限公司","義德段731地號","住宅區",18,110/09/08,1,7,7,7,111/12/14,112/01/31,112/09/16,113/08/08,16,88.9,21.9,19.8,24.9,818.9,3.13,14.9,15.2,24.2,10.7,已開賣(有預售實登),
16,"星美大苑","三星鄉","宇辰開發建設股份有限公司","義德段769地號","住宅區",48,110/07/29,1,6.8,6.8,6.8,111/06/15,111/07/21,111/09/24,114/06/11,40,83.3,21.5,18.2,40.2,665.9,3.16,14.7,10.5,13.9,32.6,已開賣(有預售實登),
17,"心天地","三星鄉","家心建設股份有限公司","大洲三段562地號","鄉村區乙種建築用地",18,112/02/08,3,4.5,1.8,7,111/06/24,112/02/10,112/05/19,113/01/24,18,100,21.4,20.7,22.6,920.4,4.76,16.9,-7.5,3.3,8.2,已開賣(有預售實登),
18,"星宸美墅","三星鄉","唐宸建設有限公司","義德段754-22地號","住宅區",11,110/07/16,1,6.5,6.5,6.5,111/07/25,113/04/03,113/05/27,113/07/15,10,90.9,21,19.7,21.9,1149.3,3.23,14.5,12.3,34.4,1.6,已開賣(有預售實登),
19,"安農秘境Ⅱ","三星鄉","松町建設有限公司","張公圍段37地號","特定農業區甲種建築用地",8,111/10/22,1,7,7,7,113/03/12,114/04/14,114/09/13,114/09/13,1,12.5,20.1,20.1,20.1,1300,2.87,13.1,16.7,34.7,0,已開賣(有預售實登),
20,"香榭麗舍NO.7","三星鄉","碩昇國際有限公司","大洲二段952-1地號","特定農業區甲種建築用地",40,110/07/10,2,4.3,1,7.5,111/02/07,111/04/13,111/05/30,113/12/11,40,100,18.8,16.7,20.3,1090.4,4.37,14.5,7,10.6,30.4,已開賣(有預售實登),
21,"久誼首席NO.1","三星鄉","久誼建設有限公司","大洲三段647地號","特定農業區甲種建築用地",14,110/02/05,1,6.8,6.8,6.8,110/10/18,111/03/14,111/06/12,112/03/13,13,92.9,18.4,15.6,19.6,855.5,2.71,11.6,8.4,16.2,9,已開賣(有預售實登),
22,"林場．鳳梧","五結鄉","月莊建設有限公司","保昌段35地號","住宅區",47,106/08/17,1,30.5,30.5,30.5,110/07/05,112/01/16,112/05/27,114/08/07,34,72.3,37.4,30.7,49.1,1778.6,1.23,6.9,46.6,69.3,26.4,已開賣(有預售實登),
23,"萬家福爵品","五結鄉","萬家福股份有限公司","三結段216地號","住宅區",87,106/07/11,1,13,13,13,108/07/08,113/11/28,114/05/26,115/02/09,19,21.8,34.9,31.8,40.3,1027,2.68,21.9,23.9,94.5,8.5,已開賣(有預售實登),
24,"光隱13","五結鄉","光隱建設有限公司及合眾建築經理股份有限公司","大吉三段569地號","特定農業區甲種建築用地",13,108/03/26,1,6,6,6,109/11/18,113/03/18,113/08/19,115/04/08,10,76.9,34.6,34,35.1,2830,5.77,28.6,19.8,64.8,19.6,已開賣(有預售實登),
25,"藏鉅","五結鄉","璞緻建設有限公司","國民二段893地號","特定農業區甲種建築用地",89,109/02/11,2,12.3,12,12.5,110/09/16,110/10/19,111/01/09,114/07/26,89,100,33.8,28,41.2,1214.2,2.75,21.5,19.2,22.9,42.5,已開賣(有預售實登),
26,"嵩禾拾穗","五結鄉","僑馥建築經理股份有限公司","五結段236地號","住宅區",17,113/09/12,1,21.2,21.2,21.2,114/11/28,115/05/14,115/06/01,115/07/30,9,53,33.2,30,35.2,938.9,1.57,12,14.5,20.6,1.9,已開賣(有預售實登),
27,"文創之星","五結鄉","升寶建設股份有限公司","和平段798地號","住宅區",6,111/12/28,1,18,18,18,112/12/15,113/07/30,113/09/22,113/09/29,2,33.3,32.1,30.3,34,1730,1.78,14.1,11.6,20.8,0.2,已開賣(有預售實登),
28,"Dua+","五結鄉","永裕泰建設有限公司","三結段140地號","住宅區",38,110/12/27,1,13,13,13,115/01/06,115/01/30,115/04/14,115/04/14,2,5.3,31.3,31.2,31.4,978,2.41,18.3,48.3,51.5,0,已開賣(有預售實登),
29,"築松暖香生活村","五結鄉","德築建設有限公司","中里段556地號","農業區",22,109/12/26,1,7.6,7.6,7.6,111/11/25,112/03/09,112/03/06,114/07/31,21,95.5,30.6,27.1,35.7,1092.5,4.03,23,23,26.3,28.8,已開賣(有預售實登),
30,"佳荷3","五結鄉","佳荷建設股份有限公司","鎮安段233-2地號","住宅區",15,113/04/26,1,22,22,22,113/08/12,113/08/17,113/09/14,115/05/10,15,100,30,27.8,30.8,860.6,1.36,8,3.5,4.6,19.8,已開賣(有預售實登),
31,"謙羽","五結鄉","唐承開發建設有限公司","國民二段393地號","鄉村區乙種建築用地",13,111/12/09,2,9.2,8.9,9.5,112/07/06,112/09/18,112/11/01,114/08/14,13,100,29.6,26.1,39.5,676.4,3.22,20.4,6.9,10.7,21.4,已開賣(有預售實登),
32,"點石丰景","五結鄉","點石建設有限公司","學新段367地號","農業區",10,108/09/19,1,11.5,11.5,11.5,113/02/29,113/04/22,113/05/31,114/12/22,9,90,28.8,27,30.7,672.8,2.5,17.3,53.4,56.4,18.7,已開賣(有預售實登),
33,"築林城家","五結鄉","僑馥建築經理股份有限公司","百福段990地號","住宅區",9,107/09/04,1,9.8,9.8,9.8,111/10/14,112/03/10,113/02/22,113/04/29,7,77.8,28.7,26.4,29.9,809.7,2.93,18.9,49.3,65.6,2.2,已開賣(有預售實登),
34,"夢想家園第五期","五結鄉","靚築建設有限公司","鎮安段976地號","住宅區",16,110/05/21,1,10.5,10.5,10.5,112/04/28,114/06/03,114/06/24,115/07/22,16,100,28.7,27,30.2,1019.2,2.73,18.2,23.2,49.1,12.9,已開賣(有預售實登),
35,"小國民原夢","五結鄉","豐一建設有限公司","國民一段1037地號","特定農業區甲種建築用地",36,113/04/12,1,14.9,14.9,14.9,114/07/07,114/08/07,114/10/10,115/05/26,33,91.7,28.4,25.6,32.1,647.1,1.91,13.5,14.8,17.9,7.5,已開賣(有預售實登),
36,"尚穎居Ⅱ","五結鄉","興穎建設有限公司","百福段360地號","住宅區",24,112/11/16,2,14.6,9.2,20,113/06/24,113/07/06,113/09/13,115/03/02,24,100,26.8,25.6,28.1,896.6,1.84,12.2,7.3,9.9,17.6,已開賣(有預售實登),
37,"樂沐","五結鄉","永華建設有限公司","大吉二段908地號","一般農業區甲種建築用地、鄉村區乙種建築用地",21,111/04/20,2,15.3,13.8,16.8,112/07/26,113/11/28,114/01/08,115/03/28,12,57.1,26.8,25.8,27.6,650.5,1.75,11.5,15.2,32.7,14.6,已開賣(有預售實登),
38,"大吉築青華廈","五結鄉","汎利建設股份有限公司","大吉二段68地號","特定農業區甲種建築用地",97,110/04/18,1,8,8,8,112/10/03,112/10/23,112/11/19,114/12/28,61,62.9,26.7,25.8,29,764.2,3.34,18.7,29.5,31,25.3,已開賣(有預售實登),
39,"安家","五結鄉","興恆昌建設有限公司","中里段571地號","農業區",27,111/03/31,3,10.5,9.8,12,111/09/05,112/01/17,112/06/03,112/12/02,20,74.1,26.1,24.6,29.2,664.2,2.49,15.6,5.2,14.1,6,已開賣(有預售實登),
40,"呈家易居NO.3","五結鄉","皇村建設有限公司","孝威二段246地號","特定農業區甲種建築用地",12,112/04/16,1,8.8,8.8,8.8,113/06/19,113/09/12,114/03/09,115/07/05,5,41.7,25.4,24.7,26.7,794,2.89,16.6,14.1,22.8,15.9,已開賣(有預售實登),
41,"青庭孝威","五結鄉","群久建設有限公司","大眾一段192地號","特定農業區甲種建築用地",10,113/05/31,2,8.3,6.8,9.7,113/11/20,114/03/04,114/04/01,115/03/17,7,70,25,22.9,26.1,1129.9,3.01,16.7,5.7,10,11.5,已開賣(有預售實登),
42,"日初想享","五結鄉","旺旺興建設股份有限公司","錦草段64地號","特定農業區甲種建築用地",26,111/02/10,1,7.2,7.2,7.2,112/03/30,113/03/29,114/04/16,115/03/20,4,15.4,24.9,22.4,27.7,1028.5,3.46,17.7,13.6,38.1,11.1,已開賣(有預售實登),
43,"輕時尚3","五結鄉","鼎宇開發建設有限公司","孝威二段385地號","鄉村區乙種建築用地",36,112/10/31,1,10.9,10.9,10.9,113/07/29,113/09/27,113/11/23,115/06/13,23,63.9,23.9,23,25.7,662.5,2.19,13,8.9,12.8,18.6,已開賣(有預售實登),
44,"原夢六期","五結鄉","樺慶建設股份有限公司","鎮安段538地號","特定農業區甲種建築用地",13,112/11/27,2,11.6,11,12.1,112/07/20,113/01/10,113/01/29,113/04/08,12,92.3,23.7,21.7,25.8,557,2.04,12.1,-4.3,2.1,2.3,已開賣(有預售實登),
45,"禾韻2","五結鄉","潤邑建設有限公司","新協富段295地號","特定農業區甲種建築用地",11,109/08/26,1,10,10,10,111/06/24,111/12/14,112/02/21,112/05/26,11,100,23.3,22.6,24.5,1318.9,2.33,13.3,21.9,29.9,3.1,已開賣(有預售實登),
46,"黎明京都12","五結鄉","連冠建設有限公司","國民一段448地號","特定農業區甲種建築用地",42,111/02/26,2,12.5,12.5,12.5,112/03/01,113/02/27,113/04/01,113/10/21,37,88.1,23.2,16.1,23.8,893.3,1.86,10.7,12.1,25.1,6.7,已開賣(有預售實登),
47,"大吉築青別墅","五結鄉","汎利建設股份有限公司","大吉二段68地號","特定農業區甲種建築用地",16,110/04/18,1,8,8,8,112/10/03,112/10/23,112/11/22,113/05/14,16,100,22.8,22.1,22.9,1398,2.85,14.8,29.5,31.1,5.7,已開賣(有預售實登),
48,"三荷2","五結鄉","冠銓建設股份有限公司","三興段835地號","農業區",7,110/10/28,1,11.8,11.8,11.8,111/04/11,111/04/22,111/05/15,111/07/17,7,100,22.7,20.9,24.5,1082.3,1.92,10.9,5.4,6.5,2.1,已開賣(有預售實登),
49,"東馨墅2","五結鄉","仲和建築經理股份有限公司","錦草段700地號","鄉村區乙種建築用地",8,112/03/21,1,6.5,6.5,6.5,112/11/29,113/04/25,113/12/15,115/01/30,4,50,22.7,21.5,24,1142.5,3.49,16.2,8.3,20.9,13.5,已開賣(有預售實登),
50,"蘭陽臻美8","五結鄉","宜智盛建設有限公司","大吉一段62地號","特定農業區甲種建築用地",15,111/03/12,1,8.5,8.5,8.5,111/11/04,112/04/06,112/05/27,113/02/23,12,80,22.2,20.1,24.5,1112.5,2.61,13.7,7.8,14.5,8.9,已開賣(有預售實登),
51,"院里來聚心","五結鄉","誠隆建設股份有限公司","錦眾段1364地號","特定農業區甲種建築用地",43,111/03/02,1,3.9,3.9,3.9,112/02/07,112/03/22,112/05/20,113/05/01,40,93,21.3,17.8,23.5,567.8,5.46,17.4,11.2,14.6,11.4,已開賣(有預售實登),
52,"原夢","五結鄉","原和溙開發實業有限公司","大吉二段345地號","特定農業區甲種建築用地",1,110/06/10,1,8.7,8.7,8.7,110/10/21,110/11/03,111/01/03,111/01/03,1,100,21.1,21.1,21.1,900,2.43,12.4,4.4,6.8,0,已開賣(有預售實登),
53,"鳳凰愛買-第12期","五結鄉","晨希建設股份有限公司","季寶段662-23地號","鄉村區乙種建築用地",30,111/06/10,1,5.8,5.8,5.8,112/12/11,113/03/27,113/05/19,114/05/22,29,96.7,21,19.7,24,895,3.62,15.2,18,23.3,12.1,已開賣(有預售實登),
54,"好適苑","五結鄉","世富慶建設有限公司","三結一段443地號","特定農業區甲種建築用地",18,110/08/20,1,13,13,13,110/11/17,111/02/18,111/03/16,111/09/18,16,88.9,20.9,19.5,22.3,598.6,1.61,7.9,2.9,6.8,6.1,已開賣(有預售實登),
55,"冬山河都心","五結鄉","康利建設有限公司","利福段439地號","鄉村區乙種建築用地",31,110/07/25,1,8,8,8,111/06/24,111/07/29,111/11/03,113/07/13,31,100,20.6,19.8,25.8,596.9,2.58,12.6,11,15.3,20.3,已開賣(有預售實登),
56,"晏京築青NO.2別墅","五結鄉","晏京建設股份有限公司","大眾段1067地號","特定農業區甲種建築用地",6,109/09/09,1,8.5,8.5,8.5,111/02/24,111/03/17,111/04/13,111/05/28,6,100,20.5,20.4,21.2,1269.3,2.41,12,17.5,19.1,1.5,已開賣(有預售實登),
57,"富登新13","五結鄉","閎綸建設有限公司","大吉三段1103地號","特定農業區甲種建築用地",8,112/06/19,2,8.9,6.8,11,112/11/14,112/11/29,112/12/27,113/08/31,8,100,20.4,20.2,20.8,1240.6,2.29,11.5,4.9,6.3,8.1,已開賣(有預售實登),
58,"吉帝富貴第5期","五結鄉","鏵辰建築有限公司","大吉三段307-1地號","特定農業區甲種建築用地",15,112/03/06,1,6.3,6.3,6.3,112/07/04,113/02/20,113/07/15,114/07/03,15,100,20.1,19.8,21.4,1013.3,3.19,13.8,3.9,16.3,11.6,已開賣(有預售實登),
59,"赫宇聯勤","五結鄉","僑馥建築經理股份有限公司","大吉三段877地號","特定農業區甲種建築用地",6,111/04/09,2,7.5,7.5,7.5,112/03/06,112/04/22,112/12/07,113/01/15,5,83.3,20,18.1,20.6,1090,2.67,12.5,10.9,19.9,1.3,已開賣(有預售實登),
60,"京采五結","五結鄉","京騰建設開發有限公司","加新段87地號","鄉村區乙種建築用地",24,111/03/03,1,6.2,6.2,6.2,112/02/01,112/06/09,112/10/03,114/08/05,13,54.2,20,19.2,21,507.8,3.23,13.8,11,19,22.1,已開賣(有預售實登),
61,"院里來聚院","五結鄉","誠隆建設股份有限公司","加新段664地號","鄉村區乙種建築用地",29,111/04/22,1,6.3,6.3,6.3,112/01/30,112/03/22,112/06/27,113/01/20,24,82.8,18.9,17.2,21,724.7,3,12.6,9.3,14.2,6.8,已開賣(有預售實登),
62,"禾韻","五結鄉","潤邑建設有限公司","新協富段295-1地號","特定農業區甲種建築用地",39,109/08/26,1,10,10,10,110/04/29,110/09/22,110/10/25,110/12/25,39,100,18.8,17.8,19.7,468.6,1.88,8.8,8.1,14,2,已開賣(有預售實登),
63,"海藍天","五結鄉","吉品建設股份有限公司","季新段413地號","一般農業區-甲種建築用地",21,109/07/29,1,6.1,6.1,6.1,110/11/05,111/06/20,111/07/20,112/03/19,17,81,17.7,16.8,18.2,838,2.9,11.6,15.2,23.7,8,已開賣(有預售實登),
64,"夢想家第20期–容邑","五結鄉","山達建設開發有限公司","利福段1104地號","鄉村區乙種建築用地",44,110/09/29,1,8.6,8.6,8.6,111/11/04,111/11/15,111/12/31,112/04/20,44,100,17.5,16.4,23.1,495.5,2.03,8.9,13.2,15,3.6,已開賣(有預售實登),
65,"城心相邑","冬山鄉","承奕建設有限公司","柯林三段786地號","特定農業區甲種建築用地",6,111/01/07,1,10,10,10,112/10/04,112/12/15,113/05/29,113/06/14,2,33.3,34.3,33.4,35.2,2378,3.43,24.3,20.9,28.7,0.5,已開賣(有預售實登),
66,"旭川3","冬山鄉","二代宅建設有限公司","義成二段300地號","農業區",10,112/08/14,1,11.5,11.5,11.5,113/09/03,113/10/01,113/11/13,115/03/08,9,90,33.1,31.7,34.2,1588.3,2.88,21.6,12.7,15,15.8,已開賣(有預售實登),
67,"國磐季","冬山鄉","國磐建設股份有限公司","香和段1107地號","住宅區",25,113/03/23,3,9.6,7.6,12.6,114/01/09,114/01/21,114/03/03,115/05/23,13,52,31.3,28,45,1368,3.26,21.7,9.6,11.3,14.7,已開賣(有預售實登),
68,"幸福苑","冬山鄉","向昱建設股份有限公司","八仙段253地號","特定農業區甲種建築用地",36,113/07/17,1,12.5,12.5,12.5,114/07/29,114/07/14,114/10/10,115/06/30,18,50,29.1,27.3,31.1,1176.4,2.33,16.6,12.4,14.8,8.6,已開賣(有預售實登),
69,"臻美2","冬山鄉","臻美開發建設有限公司","義成四段991地號","農業區",8,109/08/18,1,12.1,12.1,12.1,111/03/07,111/03/29,111/06/21,112/09/24,8,100,28.7,27.9,29.9,1720.8,2.37,16.6,18.6,22.1,15.1,已開賣(有預售實登),
70,"龍祥幸福居","冬山鄉","元旭建設有限公司","東興段246地號","工業區丁種建築用地",14,114/01/05,1,7.7,7.7,7.7,114/07/10,114/08/05,114/10/30,115/04/20,4,28.6,28.7,28.6,28.9,777,3.73,21,6.1,9.8,5.7,已開賣(有預售實登),
71,"美澍川NO.9","冬山鄉","北岳建設股份有限公司","武淵二段266地號","特定農業區甲種建築用地",41,113/03/02,1,12,12,12,114/05/08,114/08/08,114/10/07,115/07/30,16,39,28.5,25.9,33.2,1070.3,2.38,16.5,14.2,19.2,9.7,已開賣(有預售實登),
72,"旭川2","冬山鄉","知筑開發有限公司","義成八段852地號","農業區/特定農業區甲種建築用地",41,111/12/19,1,7.8,7.8,7.8,113/04/12,113/05/03,113/06/13,115/05/31,23,56.1,28.3,26.3,33.3,1008.3,3.63,20.5,15.8,17.8,23.6,已開賣(有預售實登),
73,"靚永美7","冬山鄉","和昌開發建設有限公司","武淵二段196地號","鄉村區乙種建築用地",19,113/06/06,6,10.8,9.5,12,115/01/19,115/05/14,115/07/03,115/07/27,2,11,27.8,27.1,28.4,1475.5,2.57,17,19.4,24.9,0.8,已開賣(有預售實登),
74,"初日","冬山鄉","鴻陞開發建設有限公司","廣興一段1118地號","特定農業區甲種建築用地",6,113/07/20,1,12.7,12.7,12.7,114/08/21,114/12/30,115/05/24,115/05/24,1,16.7,27.4,27.4,27.4,1660,2.16,14.7,13,22.1,0,已開賣(有預售實登),
75,"宏江畔溪","冬山鄉","宏江開發事業股份有限公司","柯林二段156地號","特定農業區甲種建築用",54,112/02/12,1,11,11,11,112/06/15,112/07/18,112/09/20,114/11/14,50,92.6,26.6,22.1,32.7,594.9,2.42,15.6,4,7.2,25.8,已開賣(有預售實登),
76,"多元邑居","冬山鄉","多元建設有限公司","廣安段709地號","鄉村區乙種建築用地",12,111/11/20,1,13,13,13,112/12/13,113/07/11,113/09/17,115/06/24,8,66.7,26.4,25,27.6,768.5,2.03,13.4,12.7,21.9,21.2,已開賣(有預售實登),
77,"香榭麗舍NO.10","冬山鄉","鳳正建設有限公司","鹿得一段609-3地號","特定農業區甲種建築用地",38,113/06/12,1,10.1,10.1,10.1,114/05/09,114/11/13,115/06/10,115/06/26,2,5.3,26.3,22.9,29.7,912.5,2.6,16.2,10.9,23.9,0.5,已開賣(有預售實登),
78,"臻愛家No.1","冬山鄉","僑馥建築經理股份有限公司","補城一段346地號","特定農業區甲種建築用地",10,112/11/07,1,8.8,8.8,8.8,113/02/07,113/06/25,113/07/14,113/12/22,6,60,25.8,24.1,30.6,768.5,2.93,17,3,8.2,5.3,已開賣(有預售實登),
79,"宏江沐光","冬山鄉","宏江開發事業股份有限公司","義成四段85地號","住宅區",36,110/01/05,1,10.5,10.5,10.5,110/12/23,111/02/24,111/01/22,114/12/25,33,91.7,25.2,21.9,33.6,940.6,2.4,14.7,11.6,12.6,47.1,已開賣(有預售實登),
80,"慈心香和合作住宅","冬山鄉","宜泰生活有限公司","香和段1191地號","住宅區",11,112/12/05,1,13.2,13.2,13.2,113/12/20,115/03/05,115/03/12,115/04/12,8,72.7,25.2,24.6,25.7,976.8,1.91,12,12.5,27.2,1,已開賣(有預售實登),
81,"京采冬山5","冬山鄉","京澐開發建設股份有限公司","補城二段1111地號","特定農業區甲種建築用地",11,113/01/30,1,6.9,6.9,6.9,114/04/25,114/06/24,114/09/01,115/01/21,10,90.9,24.9,23.4,26.7,1208.4,3.61,18,14.8,19.1,4.7,已開賣(有預售實登),
82,"博愛日日春","冬山鄉","富麗金建設有限公司","珍珠一段477地號","特定農業區甲種建築用地",39,112/08/12,1,5.3,5.3,5.3,114/03/20,114/11/18,115/01/22,115/07/21,16,41,24.9,22.6,28.8,694.5,4.7,19.6,19.3,29.4,5.9,已開賣(有預售實登),
83,"鑫院II","冬山鄉","仲和建築經理股份有限公司","武淵三段446地號","特定農業區甲種建築用地",9,112/10/06,1,9.1,9.1,9.1,114/08/13,114/04/22,114/09/09,114/09/09,3,33.3,24.3,23.3,25.3,1143.3,2.67,15.2,22.2,23.1,0,已開賣(有預售實登),
84,"京禾文學苑五期","冬山鄉","京禾建設有限公司","香和段1050地號","住宅區",29,111/11/19,1,14.6,14.6,14.6,112/10/03,113/03/11,113/11/29,114/06/20,13,44.8,23.9,20,27.9,755,1.64,9.3,10.4,24.3,6.7,已開賣(有預售實登),
85,"艾美二期","冬山鄉","福本建設有限公司","寶員段889地號","特定農業區甲種建築用地",18,113/07/02,4,6.5,5.5,6.8,114/06/09,114/07/08,114/10/12,115/04/16,5,27.8,23.8,21.5,25.6,1255.6,3.66,17.3,11.2,15.3,6.1,已開賣(有預售實登),
86,"心天地2期","冬山鄉","吉太國際租賃有限公司","梅山段531地號","特定農業區甲種建築用地",7,112/05/10,1,9.6,9.6,9.6,113/05/13,113/09/01,114/01/06,114/01/10,2,28.6,23.5,23.1,23.9,1680,2.45,13.9,12.1,19.9,0.1,已開賣(有預售實登),
87,"鳳凰愛買26期","冬山鄉","以立建設股份有限公司","義成七段339地號","農業區",31,113/03/26,1,12,12,12,115/05/13,115/05/22,115/06/13,115/07/27,12,39,23.5,22.3,24.7,1297.1,1.96,11.5,25.6,26.6,1.4,已開賣(有預售實登),
88,"勻川Villa","冬山鄉","向杺力建設有限公司","武淵二段502地號","特定農業區甲種建築用地",4,110/12/26,1,7.6,7.6,7.6,111/05/23,111/06/18,111/08/16,111/09/02,4,100,23.1,22.3,24.6,1794.2,3.04,15.5,4.9,7.7,0.6,已開賣(有預售實登),
89,"永悅","冬山鄉","廣和開發建設股份有限公司","義成一段401地號","特定農業區甲種建築用地",18,110/06/01,1,14.5,14.5,14.5,110/12/24,111/05/04,112/03/01,113/01/08,16,88.9,22.9,20.5,27.9,632.6,1.58,8.4,6.8,21,10.3,已開賣(有預售實登),
90,"驊邦樂水","冬山鄉","驊強開發有限公司","武淵一段671地號","風景區丙種建築用地",16,111/07/20,1,7.1,7.1,7.1,112/10/26,112/12/04,113/01/16,113/03/04,16,100,22.9,20,24.3,1381.1,3.23,15.8,15.2,17.9,1.6,已開賣(有預售實登),
91,"純享-享家","冬山鄉","享邑建設開發有限公司","八仙段287地號","特定農業區甲種建築用地",9,109/12/25,1,11.1,11.1,11.1,110/09/11,110/11/29,111/01/28,112/06/19,7,77.8,22.7,19.7,25.4,693.7,2.05,11.6,8.5,13.1,16.7,已開賣(有預售實登),
92,"鑫院I","冬山鄉","僑馥建築經理股份有限公司","補城一段417地號","特定農業區甲種建築用地",12,112/12/14,1,10.2,10.2,10.2,111/12/22,113/11/21,113/12/21,114/02/07,3,25,22.7,21.3,24.5,679.7,2.23,12.5,-11.7,12.3,1.6,已開賣(有預售實登),
93,"靚永美5-東城","冬山鄉","和昌開發建設有限公司","東城段796-40地號","農業區",31,109/08/05,1,7.4,7.4,7.4,111/10/14,111/10/25,111/11/23,114/04/08,30,96.8,22.6,19.1,24.3,1133.5,3.05,15.2,26.3,27.6,28.5,已開賣(有預售實登),
94,"掬月3","冬山鄉","冠擎建設股份有限公司","香和段1055地號","住宅區",18,110/10/20,2,13.3,13,13.5,111/09/08,112/03/02,112/04/07,113/02/02,17,94.4,22.6,20.9,25.9,770.8,1.7,9.3,10.6,17.5,9.9,已開賣(有預售實登),
95,"鹿嘉邑","冬山鄉","承奕建設有限公司","義成八段1320地號","鄉村區乙種建築用地",20,110/11/19,1,10.8,10.8,10.8,111/09/15,111/11/16,111/12/23,113/03/30,20,100,22.3,20.8,31.1,659,2.06,11.5,9.9,13.1,15.2,已開賣(有預售實登),
96,"鳳凰愛買-第十期","冬山鄉","多福建設有限公司","柯林二段259地號","特定農業區甲種建築用地",34,111/05/04,2,7.6,7.2,8,112/03/02,112/07/18,112/10/01,113/03/11,28,82.4,22.3,20.4,23.8,1232.4,2.93,14.7,9.9,16.9,5.3,已開賣(有預售實登),
97,"好適悅","冬山鄉","好適悅建設有限公司","香和段140地號","住宅區",34,110/10/22,1,11.7,11.7,11.7,111/05/05,111/12/13,112/01/20,112/09/06,26,76.5,22.2,21,23.6,611,1.9,10.5,6.4,14.9,7.5,已開賣(有預售實登),
98,"驊邦家禾","冬山鄉","驊峸開發有限公司","補城一段414-22地號","特定農業區甲種建築用地",16,112/06/15,1,9.5,9.5,9.5,113/06/17,113/08/30,113/12/20,114/09/20,8,50,22,20.6,23.3,1333,2.32,12.5,12.1,18.2,9,已開賣(有預售實登),
99,"美澍川NO.8","冬山鄉","北岳建設股份有限公司","武淵三段262地號","特定農業區甲種建築用地",15,113/02/28,1,9.1,9.1,9.1,113/11/08,114/01/22,114/02/15,115/05/05,15,100,22,21.6,23.3,1401.3,2.42,12.9,8.3,11.6,14.6,已開賣(有預售實登),
100,"幸福舞鴛","冬山鄉","旺旺興建設股份有限公司","武淵二段874地號","特定農業區甲種建築用地",14,111/01/25,1,8,8,8,111/12/07,112/06/21,112/09/21,114/05/10,14,100,21.2,18.4,28,605.2,2.65,13.2,10.4,19.8,19.6,已開賣(有預售實登),
101,"香榭麗舍NO.8","冬山鄉","香榭建設有限公司","丸山段62地號","特定農業區甲種建築用地",27,111/07/31,1,7.1,7.1,7.1,112/09/01,112/09/21,112/12/22,114/07/26,27,100,21.2,20.8,21.7,643.3,2.99,14.1,13,16.7,19.1,已開賣(有預售實登),
102,"向陽居NO.6","冬山鄉","向信建設有限公司","補城一段278地號","特定農業區甲種建築用地",10,113/02/18,1,5,5,5,115/03/17,115/03/31,115/06/10,115/06/19,5,50,20.9,19.6,22.1,1120,4.18,15.9,24.9,27.7,0.3,已開賣(有預售實登),
103,"華薌禾綵","冬山鄉","僑馥建築經理股份有限公司","珍珠二段592地號","特定農業區甲種建築用地",18,111/03/15,1,9,9,9,111/08/08,111/09/13,111/11/12,113/08/13,15,83.3,20.6,16.5,22.3,474.7,2.29,11.6,4.8,8,21,已開賣(有預售實登),
104,"京采冬山2","冬山鄉","京棋建設開發股份有限公司","福丸段149地號","鄉村區乙種建築用地",6,111/12/05,1,7.3,7.3,7.3,113/01/29,113/04/03,113/04/20,113/06/01,5,83.3,20,19.8,20.2,997.8,2.74,12.7,13.8,16.5,1.4,已開賣(有預售實登),
105,"禾田居Ⅱ","冬山鄉","恒勝開發建設有限公司","新香城段1163地號","特定農業區甲種建築用地",13,112/01/16,1,4.7,4.7,4.7,113/05/08,113/05/16,113/06/28,114/09/22,9,69.2,19.7,17.9,20.8,1003.9,4.19,15,15.7,17.4,14.8,已開賣(有預售實登),
106,"天晴","冬山鄉","御邦營造股份有限公司","梅山段537地號","特定農業區甲種建築用地",12,110/09/09,1,6.5,6.5,6.5,111/05/20,111/05/24,111/07/29,112/09/28,9,75,19.4,18.8,19.9,795.3,2.98,12.9,8.3,10.6,14,已開賣(有預售實登),
107,"祥豪富貴I（冬山鄉山明段透天住宅）","冬山鄉","祥豪建設股份有限公司","山明段627地號","住宅區",9,108/12/12,1,7.4,7.4,7.4,111/07/04,113/01/13,113/01/30,113/04/27,7,77.8,19.4,18.2,20.8,1195.7,2.62,12,30.7,49.6,2.9,已開賣(有預售實登),
108,"日荷","冬山鄉","冠銓建設股份有限公司","寶員段236地號","特定農業區甲種建築用地",16,110/05/04,1,10,10,10,110/11/04,110/11/09,110/11/21,111/02/23,15,93.8,19.2,18.6,20.2,896.7,1.92,9.2,6,6.6,3.1,已開賣(有預售實登),
109,"松樹苑","冬山鄉","好匠事物有限公司","鹿埔新段780-20地號","鄉村區乙種建築用地",14,110/12/13,1,10.7,10.7,10.7,111/07/05,111/07/07,111/10/04,112/12/16,13,92.9,18.9,18.2,19.8,857.3,1.77,8.2,6.7,9.7,14.4,已開賣(有預售實登),
110,"祥豪富貴（冬山鄉山明段透天住宅）","冬山鄉","祥豪建設股份有限公司","山明段626地號","住宅區",5,108/12/12,1,7.4,7.4,7.4,111/01/21,111/02/24,111/03/28,111/06/06,4,80,18.8,16.5,20.1,1189.5,2.54,11.4,25.3,27.5,2.3,已開賣(有預售實登),
111,"鳳凰愛買21期","冬山鄉","以立建設股份有限公司","福丸段200地號","鄉村區乙種建築用地",31,112/10/21,2,6.9,6.8,7,114/10/02,114/11/03,114/12/18,115/05/16,3,9.7,18.6,17.9,20,634.7,2.7,11.7,23.4,25.9,4.9,已開賣(有預售實登),
112,"上好居","冬山鄉","浤暘建設有限公司","鹿埔新段62地號","特定農業區甲種建築用地",33,111/06/13,1,7,7,7,111/10/27,112/03/23,112/05/29,113/01/25,31,93.9,17.9,16.8,18.7,690,2.56,10.9,4.5,11.5,7.9,已開賣(有預售實登),
113,"依山境","冬山鄉","圓鑫建設有限公司","安平段617地號","一般農業區甲種建築用地",16,111/05/16,1,5,5,5,112/02/24,112/06/15,112/09/03,112/11/06,14,87.5,17.8,17.1,18.8,847.5,3.56,12.8,9.3,15.6,2.1,已開賣(有預售實登),
114,"鳳凰愛買-第九期","冬山鄉","大佶建設股份有限公司","太山段732地號","特定農業區甲種建築用地",51,110/10/29,1,7.1,7.1,7.1,112/03/01,112/05/19,112/06/29,112/12/24,46,90.2,17.6,16.5,21.5,897.7,2.48,10.5,16,20,5.8,已開賣(有預售實登),
115,"梅花湖之星","冬山鄉","駿佳投資股份有限公司","鹿得二段493地號","特定農業區甲種建築用地",44,110/07/29,1,6.3,6.3,6.3,111/04/26,111/05/24,111/08/13,112/06/30,41,93.2,17.3,16.2,18.9,921.2,2.75,11,8.9,12.5,10.5,已開賣(有預售實登),
116,"見晴海","壯圍鄉","瓏翔建設有限公司","壯志段10地號","特定農業區甲種建築用地",35,111/06/25,1,7.5,7.5,7.5,112/11/10,113/01/30,115/01/09,115/01/09,2,5.7,36.7,36.5,36.9,994.5,4.89,29.2,16.5,42.5,0,已開賣(有預售實登),
117,"吉心立合","壯圍鄉","吉立建設有限公司","新福段790地號","特定農業區甲種建築用地",37,112/10/10,1,10,10,10,113/11/28,114/01/16,114/04/24,115/01/24,16,43.2,32.4,26.8,35,964.7,3.24,22.4,13.6,18.5,9,已開賣(有預售實登),
118,"品見築No.9日日吉祥","壯圍鄉","全凱建設股份有限公司","吉祥一段662地號","農業區",24,113/12/20,3,10,10,10.1,113/07/11,114/08/27,114/12/18,114/12/18,4,16.7,31.3,30.8,31.8,1170.2,3.13,21.3,-5.3,11.9,0,已開賣(有預售實登),
119,"鳳凰愛買18期","壯圍鄉","以日建設股份有限公司","美城段981地號","特定農業區甲種建築用地",21,113/02/03,2,11.9,11,12.8,114/04/14,114/04/22,114/05/20,114/11/15,12,57.1,29.4,27.4,31.8,820.5,2.47,17.5,14.3,15.5,5.9,已開賣(有預售實登),
120,"新元墅9","壯圍鄉","仲曜建設有限公司","中興段860地號","特定農業區甲種建築用地",72,112/05/31,1,11.2,11.2,11.2,112/12/28,113/03/14,113/04/13,115/04/30,51,70.8,28.9,25.7,39.6,570.7,2.58,17.7,6.9,10.4,24.5,已開賣(有預售實登),
121,"築山樂園生活村","壯圍鄉","實築建設有限公司","美城段584地號","特定農業區甲種建築用地",29,110/07/08,2,6.5,6.3,6.8,111/07/11,111/07/29,111/09/22,113/11/20,29,100,28.5,23.1,42.3,1105.6,4.38,22,12.1,14.5,26,已開賣(有預售實登),
122,"耘光","壯圍鄉","宸昕建設有限公司","中興段181地號","特定農業區甲種建築用地",25,113/03/08,1,8.5,8.5,8.5,114/01/07,114/01/23,114/03/22,114/10/31,11,44,28,26.6,31.5,691.7,3.29,19.5,10,12.5,7.3,已開賣(有預售實登),
123,"富登新12","壯圍鄉","僑馥建築經理股份有限公司","五美段375地號","特定農業區甲種建築用地",20,112/05/09,2,7.5,7,8.1,112/12/13,113/03/15,113/04/14,114/09/25,20,100,27.1,22.1,29.9,685.1,3.61,19.6,7.2,11.2,17.4,已開賣(有預售實登),
124,"晴境","壯圍鄉","天勤地產有限公司","古結段322地號","特定農業區甲種建築用地",18,113/06/22,1,13.4,13.4,13.4,114/05/28,114/08/15,115/01/12,115/04/08,2,11.1,27,26.3,27.7,1688,2.01,13.6,11.2,18.7,2.8,已開賣(有預售實登),
125,"小時代V","壯圍鄉","元喆建設有限公司","吉祥二段604地號","住宅區",25,110/11/01,1,18,18,18,111/07/19,111/07/22,111/08/26,112/04/22,24,96,25.7,24.1,28.7,811,1.43,7.7,8.5,9.8,7.9,已開賣(有預售實登),
126,"樂活京璽","壯圍鄉","昌進工程有限公司","美城段188地號","特定農業區甲種建築用地",23,110/03/26,1,6.2,6.2,6.2,111/07/25,111/10/07,112/03/03,113/04/28,23,100,25.7,23.6,29.3,718.3,4.15,19.5,16,23.2,13.9,已開賣(有預售實登),
127,"順和苑NO.6","壯圍鄉","天祿不動產開發有限公司","中興段703-14地號","特定農業區甲種建築用地",7,113/11/10,1,8.7,8.7,8.7,114/06/23,114/07/01,114/07/26,114/08/17,7,100,25.5,24.4,26.5,1178,2.93,16.8,7.4,8.5,0.7,已開賣(有預售實登),
128,"寓見中道","壯圍鄉","寓見開發建設有限公司","五權段502地號","特定農業區甲種建築用地",16,111/10/13,1,8.3,8.3,8.3,112/05/24,112/06/15,112/08/10,113/08/06,16,100,25,23.6,25.7,1051.1,3.01,16.7,7.3,9.9,11.9,已開賣(有預售實登),
129,"京晨","壯圍鄉","菁成建設有限公司","吉祥二段358地號","住宅區",4,110/09/18,1,9.4,9.4,9.4,111/03/28,111/10/07,111/12/20,112/07/02,3,75,24.9,23.8,26.3,889.3,2.65,15.5,6.3,15,6.4,已開賣(有預售實登),
130,"群邦碩玉","壯圍鄉","群邦開發實業有限公司","五權段1771地號","特定農業區甲種建築用地",23,113/07/26,2,9.2,9,9.4,114/06/23,114/10/13,114/12/22,115/04/25,13,56.5,24.6,24,25.5,645.2,2.67,15.4,10.9,16.9,4.1,已開賣(有預售實登),
131,"光匯田境","壯圍鄉","都江建設有限公司","五權段783地號","特定農業區甲種建築用地",52,112/12/09,1,6.5,6.5,6.5,113/09/11,113/09/20,113/10/14,115/07/26,42,81,24.5,22.3,26.2,772.5,3.77,18,9.1,10.2,21.4,已開賣(有預售實登),
132,"小時代6","壯圍鄉","元喆建設有限公司","美城段280地號","特定農業區甲種建築用地",27,110/09/28,1,6.3,6.3,6.3,113/01/24,113/05/09,113/06/03,115/03/22,26,96.3,24.1,21.6,27.6,749.8,3.83,17.8,27.9,32.2,21.6,已開賣(有預售實登),
133,"印象壯圍","壯圍鄉","菁英部落有限公司","復興段1012地號","特定農業區甲種建築用地",24,113/07/30,3,7,6.8,7.1,113/06/11,113/08/02,113/10/30,114/05/28,14,58.3,23.6,21.9,27.7,1205.1,3.37,16.6,-1.6,3,6.9,已開賣(有預售實登),
134,"元舞","壯圍鄉","興璟泰建設股份有限公司","壯濱一段309-6地號","一般農業區甲種建築用地",6,107/07/31,1,4.7,4.7,4.7,112/09/11,112/09/24,112/10/26,112/11/01,6,100,23.3,22.6,24.7,1325,4.96,18.6,61.4,62.9,0.2,已開賣(有預售實登),
135,"艾利永美","壯圍鄉","艾利吉股份有限公司","壯東段551地號","特定農業區甲種建築用地",22,110/03/05,1,6.2,6.2,6.2,111/05/26,113/12/02,114/02/16,115/07/14,22,100,22.9,19.8,27.8,1078.2,3.69,16.7,14.7,47.4,16.9,已開賣(有預售實登),
136,"永美首席","壯圍鄉","宜恩建設有限公司","功勞段52地號","特定農業區甲種建築用地",19,110/10/01,1,8,8,8,111/11/14,112/03/06,112/04/16,112/06/30,19,100,21.3,20.2,23.3,558.2,2.66,13.3,13.4,18.5,2.5,已開賣(有預售實登),
137,"富登新10","壯圍鄉","僑馥建築經理股份有限公司","美城段508地號","特定農業區甲種建築用地",15,111/07/14,1,7.2,7.2,7.2,112/06/02,112/06/07,112/10/09,114/01/20,14,93.3,21.1,18.5,22.9,1209.1,2.93,13.9,10.6,14.9,15.4,已開賣(有預售實登),
138,"赫宇聯勤2","壯圍鄉","仲和建築經理股份有限公司","復興段1137地號","特定農業區甲種建築用地",8,112/08/11,1,5.3,5.3,5.3,113/11/28,114/03/17,114/04/29,114/10/10,7,87.5,21.1,20.5,22,1005.1,3.98,15.8,15.6,20.6,5.4,已開賣(有預售實登),
139,"光匯唯美","壯圍鄉","都江建設有限公司","功勞段1004地號","特定農業區甲種建築用地",13,110/08/05,2,12,10.5,13.5,110/12/13,110/12/21,111/01/17,111/03/12,13,100,21,20.5,23,755.3,1.75,9,4.3,5.4,1.8,已開賣(有預售實登),
140,"美城國五","壯圍鄉","帝璽開發有限公司","壯志段1093地號","特定農業區甲種建築用地",16,111/02/17,1,6.6,6.6,6.6,111/08/31,111/09/01,111/10/17,112/10/04,16,100,20.8,19.9,22.7,951.9,3.15,14.2,6.4,8,11.6,已開賣(有預售實登),
141,"國五美津Ⅲ","壯圍鄉","晟暘營造有限公司","功勞段614地號","特定農業區甲種建築用地",10,110/11/26,1,7,7,7,111/04/06,111/12/21,112/03/07,112/06/27,9,90,20.8,19.2,23.2,1005.6,2.97,13.8,4.3,15.3,3.7,已開賣(有預售實登),
142,"微笑登陽NO.2","壯圍鄉","炘鉅建築經理有限公司","美城段639地號","特定農業區甲種建築用地",12,110/07/27,1,8.8,8.8,8.8,111/06/06,111/06/10,111/07/23,112/04/16,12,100,20,19.7,21.1,1064.4,2.27,11.2,10.3,11.9,8.8,已開賣(有預售實登),
143,"天晴Ⅱ","壯圍鄉","御邦營造股份有限公司","壯東段164地號","一般農業區甲種建築用地",11,111/10/06,1,6.8,6.8,6.8,112/08/04,112/08/17,113/01/05,113/03/24,11,100,19.6,18.9,22.2,865.1,2.88,12.8,9.9,15,2.6,已開賣(有預售實登),
144,"歡喜家園no.22","壯圍鄉","鉅大建設股份有限公司","美城段134地號","特定農業區  甲種建築用地",20,108/06/03,1,8,8,8,111/03/16,111/04/07,111/06/28,111/08/06,18,90,18.1,17.4,18.9,869.7,2.26,10.1,33.4,36.8,1.3,已開賣(有預售實登),
145,"長堤NO.11","壯圍鄉","詹雯茜","復興段900地號","特定農業區甲種建築用地",2,110/02/01,1,5.3,5.3,5.3,110/10/21,110/11/22,112/02/27,112/04/24,2,100,17.3,17.1,17.5,795,3.26,12,8.6,24.8,1.8,已開賣(有預售實登),
146,"青靜別墅","壯圍鄉","旭鼎建設有限公司","大福一段789-1地號","一般農業區 甲種建築用地",16,109/10/16,3,2.7,2,4,110/08/06,110/08/10,110/09/26,110/12/10,13,81.2,13.6,13.4,13.9,740.6,5.04,10.9,9.7,11.3,2.5,已開賣(有預售實登),
147,"築院文化生活村","宜蘭市","德築建設有限公司","建業段72地號","住宅區",109,110/08/15,1,23,23,23,113/01/03,113/01/17,113/04/22,115/04/19,77,70.6,42.3,35.1,55,1954.1,1.84,19.3,28.6,32.2,23.9,已開賣(有預售實登),
148,"皇程首賦","宜蘭市","皇程建設股份有限公司","大東段580地號","住宅區",109,109/06/30,1,15,15,15,114/01/24,114/06/19,114/07/19,115/07/30,93,85,42.3,36.9,51.3,1560.6,2.82,27.3,54.8,60.6,12.4,已開賣(有預售實登),
149,"力璟.無疆大境2","宜蘭市","力璟建設有限公司","新公園段133地號","第二種住宅區",18,114/03/21,1,25,25,25,114/10/30,115/02/11,115/03/06,115/07/06,4,22.2,42.1,39.2,45.4,2790.2,1.68,17.1,7.3,11.5,4,已開賣(有預售實登),
150,"文化苑","宜蘭市","銘爵建設有限公司","金六結二段357地號","住宅區",12,113/02/15,2,31.6,26.7,36.5,114/09/04,114/12/08,115/03/20,115/03/20,1,8.3,41.9,41.9,41.9,2400,1.33,10.3,18.6,25.1,0,已開賣(有預售實登),
151,"公園自在NO.5","宜蘭市","和喜自在建設有限公司","進士段266地號","第二種住宅區",7,113/04/18,1,28,28,28,113/12/06,113/12/31,114/01/07,114/12/30,3,42.9,41.6,41.1,42.3,2713.3,1.49,13.6,7.6,8.7,11.7,已開賣(有預售實登),
152,"浦田森陽","宜蘭市","寶宏國際有限公司","新公園段50地號","第二種住宅區",42,108/09/20,1,26.9,26.9,26.9,113/06/05,113/09/24,114/01/04,115/02/03,39,92.9,40.5,36.7,51.7,1473.4,1.51,13.6,56.5,63.5,13,已開賣(有預售實登),
153,"築港霞光生活村","宜蘭市","實築建設有限公司","振興一段158地號","農業區",19,112/04/17,1,16,16,16,113/06/24,113/07/03,113/09/26,115/04/30,7,36.8,40,37.5,41.1,1930.9,2.5,24,14.3,17.3,19.1,已開賣(有預售實登),
154,"代官山","宜蘭市","山卓夫建設開發股份有限公司","振興三段221地號","農業區",24,112/12/20,4,15.3,12.5,17.6,114/05/16,114/09/24,114/12/12,115/01/06,10,41.7,38.5,34.6,42.2,2347.7,2.52,23.2,16.9,23.8,0.8,已開賣(有預售實登),
155,"鳳凰愛買17期","宜蘭市","多佳建設股份有限公司","慈安段832地號","住宅區",18,113/01/18,4,24.9,15,29.6,114/04/10,114/04/18,114/05/23,115/06/03,18,100,38.3,35.1,47.6,717.5,1.54,13.4,14.7,16.1,12.4,已開賣(有預售實登),
156,"宸陽豊礜","宜蘭市","宸陽建設有限公司","金六結二段423地號","住宅區",4,111/09/28,1,28.6,28.6,28.6,112/04/27,112/06/12,113/02/16,113/02/16,1,25,38,38,38,1570,1.33,9.4,6.9,16.6,0,已開賣(有預售實登),
157,"築樹","宜蘭市","俊發建設有限公司","建業段4地號","都市計畫內商業區",30,111/11/04,2,23.6,21.1,26,113/09/04,113/09/24,113/11/04,115/07/03,24,80,37.3,32.6,43.8,1714.1,1.58,13.7,22,24,19.9,已開賣(有預售實登),
158,"天擎陽明","宜蘭市","天擎建築開發有限公司","振興段1418地號","農業區",10,112/10/08,1,22.3,22.3,22.3,113/05/24,113/06/25,113/08/20,115/06/27,7,70,36.7,34.6,41.2,1833.6,1.65,14.4,7.5,10.4,22.2,已開賣(有預售實登),
159,"築楓自在生活村","宜蘭市","德築建設有限公司","健康段6地號","住宅區(住三)",64,110/02/25,1,33,33,33,111/06/21,111/07/04,111/08/04,114/12/05,64,100,36.5,30.8,49.2,1369.7,1.11,3.5,15.8,17.2,40,已開賣(有預售實登),
160,"太平洋至臻","宜蘭市","太平洋建設股份有限公司","建業段29-1地號","第四種住宅區",37,110/09/30,1,24,24,24,113/01/25,113/03/22,113/05/29,113/10/23,36,97.3,35.9,29.3,40.9,1764.5,1.5,11.9,27.8,31.9,4.8,已開賣(有預售實登),
161,"川禾富居NO.20","宜蘭市","卓曄建設開發有限公司","宜福段667地號","特定農業區甲種建築用地",20,110/10/02,1,12,12,12,112/09/13,113/10/18,114/03/03,115/04/01,9,45,35.3,32.8,44.4,1014.7,2.94,23.3,23.4,41,12.9,已開賣(有預售實登),
162,"美澍家NO.3","宜蘭市","北岳建設股份有限公司","振興段977地號","農業區",21,110/04/09,1,14.7,14.7,14.7,111/10/05,112/07/13,112/08/16,112/09/26,21,100,34.8,31.9,39.1,832,2.37,20.1,17.9,28.2,1.3,已開賣(有預售實登),
163,"麗璟.東門風華","宜蘭市","麗璟建設有限公司","艮門二段717地號","住宅區",16,110/08/15,1,19.7,19.7,19.7,109/11/27,112/10/19,112/11/27,114/03/25,14,87.5,34.6,32.5,37.2,1201.5,1.76,14.9,-8.6,27.4,15.9,已開賣(有預售實登),
164,"遇上巴黎2","宜蘭市","舒美興建設有限公司","慈安段1116地號","住宅區",16,110/03/20,1,21,21,21,113/02/27,113/05/06,113/11/20,113/12/20,16,100,34.1,32.2,40.3,770.8,1.62,13.1,35.3,44.1,1,已開賣(有預售實登),
165,"力信擎美","宜蘭市","力源建設有限公司","和平段13地號","第四種住宅區",34,108/01/05,1,17,17,17,111/07/18,111/08/03,111/09/03,111/10/09,30,88.2,31.9,30.1,34.2,1117.5,1.88,14.9,42.4,43.9,1.2,已開賣(有預售實登),
166,"水硯","宜蘭市","昇築建設有限公司","乾門一段413地號","住宅區",42,109/12/08,1,21,21,21,111/04/27,111/05/20,111/07/05,113/09/14,42,100,31.8,25.2,40.6,1173.6,1.51,10.8,16.6,18.9,26.3,已開賣(有預售實登),
167,"歡喜家園no.23","宜蘭市","灴圖股份有限公司","新生段59地號","住宅區",88,110/10/14,1,18,18,18,111/12/15,112/02/06,112/04/25,113/10/11,88,100,31.4,28,35,895.9,1.74,13.4,14,18.3,17.6,已開賣(有預售實登),
168,"富登新16","宜蘭市","閎綸建設有限公司","雙福段165-1地號","農業區",37,109/11/13,1,15.8,15.8,15.8,113/07/22,113/08/05,113/10/15,114/11/01,17,45.9,31.2,28,50.9,1154,1.97,15.4,44.3,47,12.6,已開賣(有預售實登),
169,"有鄰居7","宜蘭市","相鄰建設有限公司","新生段5地號","住宅區",16,112/05/27,1,20.2,20.2,20.2,112/12/27,113/01/29,113/03/27,114/06/17,16,100,29.6,28,32.8,798.3,1.47,9.4,7,10,14.7,已開賣(有預售實登),
170,"園周綠第八期","宜蘭市","園周綠建設有限公司","和睦段1528地號","住宅區",45,108/12/30,2,10,10,10,110/11/01,110/12/16,111/02/19,112/02/16,43,95.6,29.5,25.9,32.1,678,2.95,19.5,22.1,25.7,11.9,已開賣(有預售實登),
171,"蘭城序","宜蘭市","僑馥建築經理股份有限公司","凱旋二段112地號","特定農業區甲種建築用地",17,112/06/15,6,7.6,1.8,11.2,112/07/05,112/11/03,112/12/13,113/05/18,16,94.1,28.8,25.4,38.3,1127.6,3.79,21.2,0.7,5.9,5.2,已開賣(有預售實登),
172,"太子興．賞","宜蘭市","太子興建設有限公司","北津段121地號","住宅區",28,113/03/05,1,9.7,9.7,9.7,114/02/19,114/08/02,114/09/18,115/06/22,28,100,27.9,26.4,29.3,870.7,2.88,18.2,11.5,18.5,9.1,已開賣(有預售實登),
173,"豫呈桐沁","宜蘭市","豫呈建設有限公司","乾門二段576地號","住宅區",6,110/12/12,1,23.8,23.8,23.8,112/01/05,112/01/10,112/02/14,112/02/16,3,50,27.1,26.7,27.8,662,1.14,3.3,12.8,14.1,0.1,已開賣(有預售實登),
174,"宗硯大砌系列16","宜蘭市","宗硯建設有限公司","新張段719地號","特定農業區甲種建築用地",43,108/04/19,1,10.7,10.7,10.7,111/11/24,112/03/08,112/09/15,114/06/30,42,97.7,27.1,24,33.9,766.2,2.53,16.4,43.2,52.9,21.5,已開賣(有預售實登),
175,"宏江閱河","宜蘭市","宏江開發事業股份有限公司","艮門三段53地號","住宅區",32,110/07/03,1,30.8,30.8,30.8,110/12/15,111/02/24,111/01/19,111/10/12,31,96.9,26.9,23.8,31.8,737.2,0.87,-3.9,5.4,6.6,8.7,已開賣(有預售實登),
176,"蘭陽翠庭","宜蘭市","佳筑建設股份有限公司","梅洲段263地號","特定農業區甲種建築用地",32,111/01/20,1,14,14,14,111/09/07,112/01/19,112/03/13,112/12/19,21,65.6,26,24,28.8,780.5,1.86,12,7.6,13.7,9.2,已開賣(有預售實登),
177,"京采宜蘭3","宜蘭市","京騰建設開發有限公司","金七結段1048地號","住宅區",12,110/03/01,1,14.1,14.1,14.1,111/12/07,112/05/05,112/06/02,112/10/12,11,91.7,26,25,27.9,865.1,1.84,11.9,21.2,27,4.3,已開賣(有預售實登),
178,"太子興．賞II","宜蘭市","太子興建設有限公司","北津段121-2地號","住宅區",16,113/03/05,1,9.7,9.7,9.7,114/03/03,115/04/24,115/06/06,115/07/20,3,18.8,25.9,25,27,826.3,2.67,16.2,11.9,27,1.4,已開賣(有預售實登),
179,"蘭陽臻美6","宜蘭市","京朝順建設有限公司","黎明段862地號","農業區",16,110/06/03,1,17.4,17.4,17.4,110/12/06,111/01/13,111/02/18,112/06/10,16,100,25.8,24.5,29.1,1248.2,1.48,8.4,6.1,8.5,15.7,已開賣(有預售實登),
180,"文風翠庭第十九期","宜蘭市","宏福開發建設有限公司","乾門一段1082地號","住宅區",59,109/09/28,6,27.4,13.5,50.9,110/08/02,110/08/09,110/09/04,111/10/30,54,91.5,25.5,23.7,29,1023.2,0.93,-1.9,10.1,11.2,13.8,已開賣(有預售實登),
181,"寅成NO.2","宜蘭市","寅成建設有限公司","茭白段131地號","農業區",5,111/09/28,1,11.8,11.8,11.8,112/05/17,112/06/26,112/10/08,113/03/16,5,100,24.9,24.1,25.5,1428.6,2.11,13.1,7.6,12.3,5.3,已開賣(有預售實登),
182,"延平天下","宜蘭市","鉅衡建設有限公司","宜興段138地號","住宅區",44,111/07/01,2,21.5,21.5,21.5,112/02/01,112/02/17,112/03/17,113/06/25,36,81.8,24.6,21.8,28.1,1143.3,1.14,3.1,7.1,8.5,15.3,已開賣(有預售實登),
183,"藏睿別墅","宜蘭市","惠鉅建設有限公司","梅洲段477-26地號","特定農業區甲種建築用地",7,110/04/13,1,10,10,10,110/07/02,110/07/22,110/09/09,112/05/08,7,100,24.2,22.6,25.8,1860.6,2.42,14.2,2.6,4.9,19.9,已開賣(有預售實登),
184,"鳳凰愛買-縣政凱旋","宜蘭市","多佳建設股份有限公司","凱旋二段110地號","特定農業區甲種建築用地",10,109/10/11,1,12.9,12.9,12.9,110/09/17,110/10/29,110/12/19,111/02/28,10,100,22.1,20.4,23.6,1042.6,1.71,9.2,11.2,14.3,2.3,已開賣(有預售實登),
185,"喜耀晨曦","宜蘭市","喜耀建設有限公司","茭白段701地號","農業區",10,109/12/28,1,11,11,11,111/02/07,111/04/28,111/10/03,112/02/15,10,100,20.2,18.7,23.1,604.1,1.84,9.2,13.3,21.2,4.4,已開賣(有預售實登),
186,"縣政天下2期","宜蘭市","鉅衡建設有限公司","南津段189地號","農業區",16,109/11/08,1,10.8,10.8,10.8,111/01/10,111/02/15,110/08/19,111/07/31,14,87.5,20,17,21.8,846.4,1.85,9.2,14.1,9.3,11.4,已開賣(有預售實登),
187,"富登新9","宜蘭市","仲和建築經理股份有限公司","茭白段161地號","農業區",22,110/05/11,1,9,9,9,111/10/26,111/10/28,112/02/10,113/01/17,22,100,19.9,17,23.2,758.1,2.21,10.9,17.5,21,11.2,已開賣(有預售實登),
188,"鹿鳴筑","員山鄉","力全營造股份有限公司","員山段403地號","住宅區",17,112/12/21,1,19.6,19.6,19.6,114/06/02,114/11/19,115/05/08,115/05/08,1,5.9,38.9,38.9,38.9,1602,1.98,19.3,17.4,28.6,0,已開賣(有預售實登),
189,"文風翠庭第二十期","員山鄉","朝曦開發建設有限公司","外員段529地號","住宅區",55,108/08/17,3,14.8,13.5,15.5,112/09/22,112/10/26,112/11/02,114/04/08,53,96.4,29.7,27.3,32.6,824.5,2.01,14.9,49.2,50.5,17.2,已開賣(有預售實登),
190,"頤和知序","員山鄉","侑松有限公司","外員段729地號","住宅區",42,114/01/17,1,10,10,10,114/12/19,115/05/27,115/07/08,115/07/31,10,24,29,28,29.5,777.1,2.9,19,11,17.6,0.8,已開賣(有預售實登),
191,"文風翠庭第22期","員山鄉","誠永建設有限公司","深惠段463地號","鄉村區乙種建築用地",17,105/11/17,1,6.9,6.9,6.9,114/08/19,115/05/05,115/06/07,115/07/19,4,23.5,27,26.4,27.3,1387,3.91,20.1,105,114.6,1.4,已開賣(有預售實登),
192,"文風翠庭第21期","員山鄉","誠永建設有限公司","深惠段463-37地號","特定農業區 甲種建築用地、鄉村區 乙種建築用地",17,110/08/06,3,7.8,6.9,9,114/08/19,114/09/15,114/10/02,115/04/10,13,76.5,26.9,25.6,31.9,1360.2,3.45,19.1,48.4,49.9,6.2,已開賣(有預售實登),
193,"富登新15","員山鄉","閎綸建設有限公司","茄苳林段319地號","特定農業區甲種建築用地",17,112/09/02,2,6.2,4.5,7.9,113/03/06,113/03/06,113/06/27,114/02/08,15,88.2,26.7,25.9,27.9,1173.7,4.31,20.5,6.1,9.8,7.4,已開賣(有預售實登),
194,"山水居","員山鄉","山水建設有限公司","深福段77地號","特定農業區甲種建築用地",4,114/03/24,1,15.5,15.5,15.5,114/11/04,115/01/22,115/04/03,115/04/03,2,50,26.7,26.7,26.7,1500,1.72,11.2,7.4,12.3,0,已開賣(有預售實登),
195,"宸陽城陽","員山鄉","宸陽建設有限公司","阿蘭城段97地號","鄉村區乙種建築用地",12,112/08/28,2,10.8,10.8,10.8,113/01/05,113/01/29,113/02/21,113/08/24,12,100,26.5,25.7,27.2,685.7,2.45,15.7,4.3,5.8,6.1,已開賣(有預售實登),
196,"馥御首席","員山鄉","居立建設有限公司","阿蘭城段26地號","鄉村區乙種建築用地",6,111/11/12,1,11.5,11.5,11.5,112/05/19,112/08/07,112/10/18,112/12/02,6,100,25.8,24.3,28.4,1097.5,2.24,14.3,6.2,11.2,1.5,已開賣(有預售實登),
197,"築荷5","員山鄉","冠銓建設股份有限公司","新三泰段660地號","鄉村區乙種建築用地",37,112/12/02,1,10.5,10.5,10.5,114/01/02,114/01/04,114/01/25,115/05/16,22,59.5,25.6,22.6,28.8,1275.1,2.44,15.1,13,13.8,15.6,已開賣(有預售實登),
198,"頤和員山","員山鄉","侑松有限公司","外員段695地號","住宅區",35,112/04/21,2,9.8,8.1,11.4,112/08/15,112/09/21,112/11/10,112/12/19,34,97.1,25,22.8,27.8,980.6,2.55,15.2,3.8,6.7,1.3,已開賣(有預售實登),
199,"青井澤15","員山鄉","麗都建設股份有限公司","外員段276地號","住宅區",76,112/06/26,1,10.5,10.5,10.5,112/11/08,112/11/16,112/12/26,113/04/23,73,96.1,24.8,23.6,26.6,714.2,2.36,14.3,4.4,6,3.9,已開賣(有預售實登),
200,"向青苑5","員山鄉","綠景開發建設有限公司","深洲段324-11地號","特定農業區甲種建築用地",7,110/11/15,1,7.6,7.6,7.6,112/11/14,113/03/19,113/04/23,113/11/24,6,85.7,24.2,23.2,25.3,1106,3.18,16.6,24,29.2,7.1,已開賣(有預售實登),
201,"鳳凰愛買16期","員山鄉","以日建設股份有限公司","慶安段607地號","特定農業區甲種建築用地",33,111/08/04,1,10.4,10.4,10.4,113/08/20,113/11/19,113/12/09,115/07/21,32,97,24,21,26.1,666,2.31,13.6,24.5,28.2,19.4,已開賣(有預售實登),
202,"宸陽城陽6","員山鄉","宸陽建設有限公司","阿蘭城段152地號","鄉村區乙種建築用地",6,113/11/30,1,12,12,12,114/07/29,114/10/08,114/12/06,115/01/20,3,50,24,23.5,24.4,643.3,2,12,7.9,12.2,1.5,已開賣(有預售實登),
203,"大湖金城","員山鄉","亞譽建設有限公司","湖北段439地號","特定農業區甲種建築用地",11,111/03/05,1,7.5,7.5,7.5,113/04/02,113/04/18,113/05/27,113/11/14,10,90.9,23.9,21.5,26.7,1110.8,3.19,16.4,24.9,26.7,5.6,已開賣(有預售實登),
204,"常青紅3","員山鄉","德銘開發建設有限公司","新三泰段1713地號","特定農業區甲種建築用地",17,110/08/12,1,11.5,11.5,11.5,111/12/22,112/03/17,112/05/24,113/06/11,14,82.4,23.7,22.4,27.2,756.1,2.06,12.2,16.3,21.4,12.6,已開賣(有預售實登),
205,"佳荷5","員山鄉","佳荷建設股份有限公司","新三泰段1593地號","特定農業區甲種建築用地",13,114/11/15,1,14.5,14.5,14.5,115/06/16,115/06/25,115/07/12,115/07/31,7,54,23.7,22.7,25.1,1179.4,1.63,9.2,7,7.9,0.6,已開賣(有預售實登),
206,"紘大旺築","員山鄉","紘大建設有限公司","新洲子段106地號","特定農業區甲種建築用地",25,108/03/05,1,6,6,6,110/04/12,113/04/15,113/07/06,115/03/12,19,76,23.5,22.2,29.6,695.4,3.92,17.5,25.3,64.1,20.2,已開賣(有預售實登),
207,"佳荷2","員山鄉","佳荷建設股份有限公司","大三鬮段232地號","特定農業區甲種建築用地",21,112/03/05,1,12.5,12.5,12.5,112/10/11,112/10/20,112/10/31,112/12/30,20,95.2,23.4,21.9,24.7,658.6,1.87,10.9,7.2,7.9,2,已開賣(有預售實登),
208,"鳳凰愛買-員山你好B基地","員山鄉","亞各建設股份有限公司","金泰段758地號","住宅區",24,110/03/23,1,14,14,14,111/06/16,111/07/05,111/08/24,113/05/20,23,95.8,23.1,21.7,24.9,770.4,1.65,9.1,14.8,17.1,20.9,已開賣(有預售實登),
209,"羽松","員山鄉","僑馥建築經理股份有限公司","深福段359地號","特定農業區甲種建築用地",14,112/02/21,1,11.2,11.2,11.2,112/08/22,113/03/11,113/12/28,114/01/11,2,14.3,23.1,22.6,23.7,1055,2.06,11.9,6,22.2,0.5,已開賣(有預售實登),
210,"光匯員園","員山鄉","都江建設有限公司","新三泰段1250地號","鄉村區乙種建築用地",14,110/12/12,1,8.9,8.9,8.9,112/03/22,112/04/24,112/05/24,112/07/07,14,100,23,21,26.6,709.9,2.58,14.1,15.3,17.3,1.4,已開賣(有預售實登),
211,"香榭麗舍NO.9","員山鄉","正大開發有限公司","新洲子段113地號","特定農業區甲種建築用地",56,112/08/04,1,8,8,8,113/05/24,113/06/11,113/07/10,115/05/18,26,46.4,22.9,20.1,27.5,778.6,2.86,14.9,9.7,11.2,22.2,已開賣(有預售實登),
212,"鳳凰愛買20期","員山鄉","多佳建設股份有限公司","枕山一段1739地號","一般農業區甲種建築用地",40,113/02/22,1,11.2,11.2,11.2,114/09/17,114/10/13,114/10/31,115/07/03,35,87.5,22.9,20.6,26.9,983.9,2.04,11.7,18.8,20.3,8,已開賣(有預售實登),
213,"築荷3","員山鄉","冠銓建設股份有限公司","新三泰段1297地號","鄉村區乙種建築用地",11,111/06/17,1,4.5,4.5,4.5,111/11/03,111/11/05,111/12/02,112/07/10,11,100,22.7,21.3,24.2,1118.9,5.04,18.2,4.6,5.5,7.2,已開賣(有預售實登),
214,"寬美3","員山鄉","欣鑫建設有限公司","新洲子段116-1地號","特定農業區甲種建築用地",23,112/04/26,1,6.8,6.8,6.8,113/01/30,113/04/10,113/05/04,113/07/06,23,100,22.7,21.5,24.8,1074.3,3.34,15.9,9.2,12.3,2.1,已開賣(有預售實登),
215,"鳳凰愛買-員山你好  A基地","員山鄉","亞各建設股份有限公司","外員段509地號","住宅區",16,110/04/20,1,14,14,14,111/04/11,111/05/05,111/07/09,112/11/28,16,100,22.6,20.8,24.3,746.7,1.61,8.6,11.7,14.6,16.7,已開賣(有預售實登),
216,"富登新11","員山鄉","閎綸建設有限公司","深福段73地號","特定農業區甲種建築用地",7,110/05/16,1,8.2,8.2,8.2,114/06/23,114/06/27,114/09/03,114/11/06,4,57.1,22.6,21,23.5,1370,2.76,14.4,49.2,51.6,2.1,已開賣(有預售實登),
217,"好適悅III 金邑宸","員山鄉","好適悅建設有限公司","深福段299地號","特定農業區甲種建築用地",42,111/09/12,1,11,11,11,112/11/27,113/04/11,113/05/20,115/05/31,28,66.7,21.8,20.7,22.4,747.8,1.98,10.8,14.5,20.2,24.3,已開賣(有預售實登),
218,"員山青庭","員山鄉","群寶建設有限公司","東德段381地號","特定農業區甲種建築用地",17,111/09/22,1,12,12,12,112/05/22,112/06/12,112/07/08,113/03/24,17,100,21.6,20.2,22.6,1134.9,1.8,9.6,8,9.5,8.5,已開賣(有預售實登),
219,"松佑鑫時代","員山鄉","松佑建設有限公司","深福段538地號","特定農業區甲種建築用地",22,114/01/10,2,5.7,5.5,5.8,114/04/07,114/12/23,115/02/26,115/07/05,7,31.8,21.6,20.7,22.3,649.1,3.79,15.9,2.9,13.5,4.2,已開賣(有預售實登),
220,"元登一期","員山鄉","元登建設有限公司","東德段310-2地號","特定農業區甲種建築用地",5,110/02/03,1,9,9,9,111/10/19,112/04/07,112/06/13,112/08/24,5,100,20.7,19,22.1,933.6,2.3,11.7,20.5,28.3,2.4,已開賣(有預售實登),
221,"京采員山8","員山鄉","京騰建設開發有限公司","新洲子段109-27地號","特定農業區甲種建築用地",25,110/10/15,2,6.4,5.8,7,111/08/22,111/08/24,111/09/11,113/07/06,24,96,20.5,18.7,23.4,924.6,3.2,14.1,10.2,10.9,21.8,已開賣(有預售實登),
222,"豫呈怡然居","員山鄉","豫呈建設有限公司","深洲段266地號","特定農業區甲種建築用地",5,109/08/14,1,6.7,6.7,6.7,112/03/22,112/03/31,112/05/03,112/05/10,5,100,20,19.1,20.9,1015,2.99,13.3,31.2,32.6,0.2,已開賣(有預售實登),
223,"京采員山7","員山鄉","駿展建設開發有限公司、京騰建設開發有限公司","水源段66-12地號","特定農業區甲種建築用地",7,110/03/06,1,13,13,13,111/01/24,111/02/23,111/03/21,111/06/16,7,100,19.9,19,21.1,968.7,1.53,6.9,10.6,12.5,2.9,已開賣(有預售實登),
224,"香榭麗舍NO.6","員山鄉","鳳正建設有限公司","同結段564地號","特定農業區甲種建築用地",25,109/10/20,2,4.5,2.5,6.5,111/03/28,111/04/13,111/06/01,112/04/28,25,100,19.4,18.2,23.8,615,4.31,14.9,17.2,19.4,10.9,已開賣(有預售實登),
225,"鳳凰愛買第一期","員山鄉","以立建設股份有限公司","阿蘭城段3地號","鄉村區乙種建築用地",33,110/04/20,5,9.5,6.8,10.6,110/05/25,110/07/21,110/08/18,110/11/22,31,93.9,19,17.4,19.7,806.7,2,9.5,1.1,3.9,3.2,已開賣(有預售實登),
226,"水源名居","員山鄉","震東建設有限公司","水源段54-2地號","特定農業區甲種建築用地",21,106/02/10,2,6.3,2,10.6,110/11/05,110/11/17,110/12/25,111/02/22,17,81,18.5,17.7,19.1,486.2,2.94,12.2,56.8,58.4,1.9,已開賣(有預售實登),
227,"宗硯大砌系列14","員山鄉","宗硯建設有限公司","永結段529-2地號","一般農業區甲種建築用地",28,109/09/29,1,5.5,5.5,5.5,110/08/10,111/05/02,111/06/25,111/09/16,22,78.6,18.4,18.3,18.9,701.4,3.35,12.9,10.3,20.8,2.7,已開賣(有預售實登),
228,"大安禾耘5","員山鄉","勝築建設有限公司","船仔頭段270-1地號","特定農業區甲種建築用地",14,110/07/23,1,7.5,7.5,7.5,111/01/27,111/01/27,111/03/05,111/07/15,11,78.6,18.3,17.1,19.7,836.3,2.44,10.8,6.2,7.4,4.3,已開賣(有預售實登),
229,"精品名邸","員山鄉","菁品建設有限公司","深洲段973地號","特定農業區甲種建築用地",30,110/09/09,1,8.3,8.3,8.3,112/03/22,112/03/30,112/05/01,114/07/11,30,100,16.9,14.6,18.6,641.7,2.04,8.6,18.4,19.7,26.3,已開賣(有預售實登),
230,"京騰一邸(第十一期)京采員山6","員山鄉","京騰建設開發有限公司","東德段310地號","特定農業區甲種建築用地",4,110/02/03,1,9,9,9,110/08/18,110/09/14,110/09/28,110/10/09,4,100,16.5,16,17.3,858.2,1.83,7.5,6.4,7.8,0.4,已開賣(有預售實登),
231,"拾光薈二期","頭城鎮","金督建設股份有限公司","新興一段897地號","住宅區",12,110/09/07,1,10.4,10.4,10.4,112/06/19,112/07/04,114/07/25,114/07/25,1,8.3,32.2,32.2,32.2,950,3.1,21.8,21.4,46.6,0,已開賣(有預售實登),
232,"京采頭城2","頭城鎮","京騰建設開發有限公司","拔雅林一段156地號","住宅區",18,109/03/23,1,14.6,14.6,14.6,112/10/03,112/11/02,113/07/13,115/06/11,10,55.6,32.1,31.3,34.1,1025.6,2.2,17.5,42.3,51.7,22.9,已開賣(有預售實登),
233,"聚蒔光","頭城鎮","富俊建設有限公司","烏石港段486地號","住宅區",13,114/09/17,1,17.6,17.6,17.6,115/03/06,115/03/24,115/04/10,115/06/27,13,100,30.9,29.8,33.2,976.8,1.76,13.3,5.6,6.7,2.6,已開賣(有預售實登),
234,"蒔光匯","頭城鎮","富連城建設有限公司","烏石港段508地號","住宅區",6,113/05/27,1,18.7,18.7,18.7,113/10/22,113/12/03,114/01/06,115/05/05,6,100,29.6,28.5,32.9,1994.8,1.58,10.9,4.9,7.4,15.9,已開賣(有預售實登),
235,"覓蒔光","頭城鎮","富連城建設有限公司","烏石港段153地號","住宅區",27,113/04/18,1,17.8,17.8,17.8,113/09/18,113/10/16,113/11/10,114/10/05,25,92.6,28.6,26.5,31.1,775.9,1.61,10.8,5,6.8,10.8,已開賣(有預售實登),
236,"嶠見築","頭城鎮","寶嶠建設有限公司","新二圍段833地號","鄉村區乙種建築用地",7,114/06/08,1,11.4,11.4,11.4,114/03/24,114/04/21,114/07/10,115/04/08,4,57.1,27.1,26.6,27.5,1475,2.38,15.7,-2.5,1.1,8.9,已開賣(有預售實登),
237,"吉邑美城2","頭城鎮","勝裕開發建設有限公司","武營段535地號","住宅區",18,112/06/22,2,11.4,10.4,12.5,113/01/24,113/03/13,113/06/01,114/10/21,17,94.4,26.6,25.3,28.3,706.4,2.33,15.2,7.1,11.3,16.7,已開賣(有預售實登),
238,"海樂地2","頭城鎮","騰大建設有限公司","烏石港段366地號","住宅區",21,112/05/30,1,17.2,17.2,17.2,112/08/30,112/10/16,112/11/22,113/04/28,21,100,25.5,23.8,27,767.8,1.48,8.3,3,5.8,5.2,已開賣(有預售實登),
239,"享享生活","頭城鎮","享享建設有限公司","下埔段1128地號","鄉村區乙種建築用地",13,113/02/19,1,7.5,7.5,7.5,114/06/19,114/06/23,114/08/10,115/05/07,7,53.8,25.5,24.2,26.4,1054,3.4,18,16,17.7,8.9,已開賣(有預售實登),
240,"海樂地","頭城鎮","騰大建設有限公司","烏石港段542地號","住宅區",8,110/10/12,1,16.2,16.2,16.2,111/04/11,111/05/23,111/07/11,112/04/25,8,100,24.5,24,25.5,968.2,1.51,8.3,5.9,8.9,9.5,已開賣(有預售實登),
241,"蒔光海","頭城鎮","富連城建設有限公司","烏石港段540地號","住宅區",11,110/10/12,1,16,16,16,111/03/30,111/05/04,111/06/05,112/02/26,10,90.9,24.4,24.1,24.6,814,1.53,8.4,5.6,7.8,8.7,已開賣(有預售實登),
242,"卓越星宸","頭城鎮","唐宸建設有限公司","新二圍段296-1地號","特定農業區甲種建築用地、鄉村區乙種建築用地",15,111/05/16,1,20.9,20.9,20.9,112/09/23,113/04/23,113/05/25,114/10/20,5,33.3,23.6,22.6,25,828.2,1.13,2.7,16.3,24.3,16.9,已開賣(有預售實登),
243,"青睞5","頭城鎮","京翔建設有限公司","武營段325地號","住宅區",24,110/12/09,1,6.7,6.7,6.7,112/10/16,112/11/19,112/12/10,113/04/21,21,87.5,23.5,22.1,25.6,636.7,3.51,16.8,22.2,24,4.4,已開賣(有預售實登),
244,"人文精品","頭城鎮","宏曆建設有限公司","拔雅林二段21地號","住宅區",8,113/08/06,5,10.2,8,15,114/06/18,114/07/09,114/08/15,115/07/25,8,100,23.1,21.7,25.9,1383.8,2.26,12.9,10.4,12.3,11.3,已開賣(有預售實登),
245,"閱蒔光","頭城鎮","富連城建設有限公司","拔雅林三段985地號","住宅區",12,111/05/12,1,10.1,10.1,10.1,112/01/13,112/04/27,112/06/02,112/07/05,12,100,21.8,21,22.9,687.2,2.16,11.7,8.1,12.7,1.1,已開賣(有預售實登),
246,"金城邑","頭城鎮","承家建設有限公司","拔雅林五段335地號","住宅區",12,110/04/26,1,6.4,6.4,6.4,111/01/04,111/02/08,111/03/06,111/11/17,12,100,20.3,19.8,20.7,732.2,3.17,13.9,8.3,10.3,8.4,已開賣(有預售實登),
247,"礁溪帝堡","礁溪鄉","桂冠開發建設股份有限公司","公園北段1地號","休閒別墅區",21,110/05/28,1,28.5,28.5,28.5,111/05/11,111/06/28,111/09/05,114/05/21,14,66.7,46.6,45.3,47.4,2573.9,1.64,18.1,11.4,15.3,32.5,已開賣(有預售實登),
248,"綠堤見晴2","礁溪鄉","瓏翔建設有限公司","十六結新段569地號","特定農業區甲種建築用地",17,111/05/01,1,12,12,12,112/02/20,112/10/25,110/12/26,114/05/31,17,100,31.7,19.2,36.3,879.4,2.64,19.7,9.7,-4.1,41.1,已開賣(有預售實登),
249,"水野路路","礁溪鄉","中國建築經理股份有限公司","朝陽段30地號","一般農業區甲種建築用地",128,109/04/10,1,4.2,4.2,4.2,110/05/06,110/09/24,112/06/28,114/01/18,34,26.6,30.4,11.1,42.8,576.2,7.24,26.2,12.8,38.6,18.7,已開賣(有預售實登),
250,"青井澤16","礁溪鄉","磐谷建設股份有限公司","龍泉段433地號","住宅區",16,113/09/13,2,19,19,19,114/05/08,115/02/04,115/04/18,115/04/29,3,18.8,29.2,28.9,29.6,860,1.54,10.2,7.8,19.1,0.4,已開賣(有預售實登),
251,"鳳凰愛買15期","礁溪鄉","晨啟建設股份有限公司","龍泉段750地號","住宅區",50,111/05/19,1,17.5,17.5,17.5,114/01/03,114/01/17,114/02/04,115/07/01,35,70,28.6,26.3,34.5,993.1,1.63,11.1,31.5,32.6,16.8,已開賣(有預售實登),
252,"星丞心","礁溪鄉","利泰興建設有限公司","玉田段1477地號","特定農業區甲種建築用地",30,111/05/17,1,10,10,10,112/07/26,113/06/27,113/11/05,115/02/06,13,43.3,27.9,25.9,30.9,742.9,2.79,17.9,14.3,29.7,15,已開賣(有預售實登),
253,"鳳凰愛買11-阡荀","礁溪鄉","亞別建設股份有限公司","三民一段386地號","特定農業區甲種建築用地",76,110/11/30,3,8.6,8.5,8.7,112/11/28,112/12/21,113/02/19,114/07/08,72,94.7,27.4,23.7,37.9,1095.3,3.19,18.8,23.9,26.6,16.6,已開賣(有預售實登),
254,"玉屏鮮境2-1","礁溪鄉","寶嶠建設有限公司","白雲段90地號","鄉村區乙種建築用地",4,113/07/29,13,11,10,12.3,112/09/27,113/10/17,113/11/23,113/11/23,1,25,26.9,26.9,26.9,888,2.45,15.9,-10.1,3.8,0,已開賣(有預售實登),
255,"獨角仙與光臘樹2","礁溪鄉","獨角仙建設股份有限公司","朝陽段920-1地號","一般農業區甲種建築用地",81,111/12/18,1,7.3,7.3,7.3,112/09/13,112/09/21,112/03/03,113/06/19,81,100,26.8,22.7,32,491.8,3.67,19.5,8.8,2.5,15.6,已開賣(有預售實登),
256,"富登新20","礁溪鄉","僑馥建築經理股份有限公司","瑪僯段486地號","特定農業區甲種建築用地",18,113/05/24,1,12,12,12,114/03/03,114/03/13,115/04/05,115/04/05,1,5.6,25.8,25.8,25.8,880,2.15,13.8,9.3,22.4,0,已開賣(有預售實登),
257,"鈺雲居","礁溪鄉","寶鈺建設有限公司","白雲段89-1地號","鄉村區乙種建築用地",8,113/05/11,1,10.2,10.2,10.2,113/11/06,114/12/24,115/01/10,115/01/10,1,12.5,25.8,25.8,25.8,1450,2.53,15.6,5.9,20,0,已開賣(有預售實登),
258,"早稻田","礁溪鄉","萱運有限公司","玉田段1284地號","特定農業區甲種建築用地",14,111/06/16,1,9.5,9.5,9.5,112/09/05,112/10/26,113/05/31,115/03/25,14,100,25.3,23,26.2,1284.8,2.66,15.8,14.7,23.5,21.8,已開賣(有預售實登),
259,"宗硯大砌系列19","礁溪鄉","仲和建築經理股份有限公司","龍泉段209-4地號","農業區",8,113/09/06,1,13.4,13.4,13.4,115/01/22,115/05/07,115/06/27,115/07/24,4,50,24.8,23.2,26.1,999,1.85,11.4,16.5,21.7,0.9,已開賣(有預售實登),
260,"鳳凰愛買22期","礁溪鄉","晨欣建設股份有限公司","十六結新段256地號","特定農業區甲種建築用地",48,113/08/07,1,17.9,17.9,17.9,114/09/30,114/11/05,114/11/28,115/07/25,8,17,24.3,22.5,29,781.6,1.36,6.4,13.8,15.7,7.9,已開賣(有預售實登),
261,"玉屏鮮境2","礁溪鄉","寶嶠建設有限公司","白雲段90-2地號","鄉村區乙種建築用地",6,113/07/29,13,11,10,12.3,112/09/27,112/10/01,112/10/31,113/12/10,5,83.3,22.8,21.7,25.4,1342.6,2.07,11.8,-10.1,-8.9,13.3,已開賣(有預售實登),
262,"玉田森活2","礁溪鄉","鼎弘健康生技有限公司","玉田段1079地號","特定農業區甲種建築用地",14,111/07/05,2,7.2,7.2,7.2,112/07/11,112/08/21,113/06/02,113/12/05,11,78.6,22.5,21.4,23.1,1260.7,3.13,15.3,12.2,22.9,6.1,已開賣(有預售實登),
263,"青睞3","礁溪鄉","京鴻建設有限公司","玉泉段326地號","特定農業區甲種建築用地",12,110/04/06,1,9,9,9,111/05/13,111/08/10,111/09/30,112/12/30,9,75,22.4,21.8,22.8,1003.9,2.49,13.4,13.2,17.8,15,已開賣(有預售實登),
264,"青井澤 NO.12","礁溪鄉","磐谷建設股份有限公司","龍泉段711地號","住宅區",45,109/09/01,1,10.2,10.2,10.2,110/07/26,110/09/29,111/03/21,112/05/02,44,97.8,21.8,19.4,27.9,727.3,2.14,11.6,10.8,18.6,13.4,已開賣(有預售實登),
265,"雲祥","礁溪鄉","囍昌建設有限公司","白雲段147地號","鄉村區乙種建築用地",9,110/04/30,1,9.5,9.5,9.5,111/08/03,111/08/23,112/04/17,113/03/16,9,100,21.5,20,22.4,686.8,2.26,12,15.1,23.6,11,已開賣(有預售實登),
266,"鳳凰愛買第八期","礁溪鄉","晨希建設股份有限公司","白玉段369地號","鄉村區乙種建築用地",18,111/01/03,1,12.9,12.9,12.9,112/03/10,112/05/02,112/08/26,113/01/28,18,100,21.5,20.2,23.5,593.2,1.67,8.6,14.2,19.7,5.1,已開賣(有預售實登),
267,"鳳凰愛買23期","礁溪鄉","晨希建設股份有限公司","協民段206地號","特定農業區甲種建築用地",24,113/10/16,3,6.2,1.5,12,114/10/07,114/11/10,115/01/06,115/07/25,13,54,20.2,18.4,22.4,559.4,3.26,14,11.7,14.7,6.6,已開賣(有預售實登),
268,"寬闊玉稻愛","礁溪鄉","僑馥建築經理股份有限公司","玉田段866-1地號","特定農業區(甲種建築用地)",46,105/11/21,2,8.2,7.9,8.5,108/05/13,110/08/16,110/09/23,111/09/28,32,69.6,19.7,15.4,24.4,630.5,2.4,11.5,29.7,58.1,12.2,已開賣(有預售實登),
269,"礁溪御田","礁溪鄉","富旺建設股份有限公司","玉田段478地號","特定農業區甲種建築用地",51,109/09/27,1,6.2,6.2,6.2,110/12/23,110/12/28,111/02/28,113/10/27,51,100,19.1,17.5,21.3,902.3,3.08,12.9,14.9,17.1,31.9,已開賣(有預售實登),
270,"禮里","羅東鎮","炘達建設有限公司","羅莊段25地號","住宅區",20,112/02/01,1,33.8,33.8,33.8,113/03/20,113/11/14,113/12/20,115/07/27,15,75,42.8,36.7,66.5,1176,1.27,9,13.6,22.6,19.2,已開賣(有預售實登),
271,"海樂地3","羅東鎮","騰大建設有限公司","中華段198地號","住宅區",20,113/06/27,1,36.5,36.5,36.5,115/01/19,115/03/13,115/05/22,115/07/01,10,50,39.1,38.5,39.7,1299.7,1.07,2.6,18.8,22.8,1.3,已開賣(有預售實登),
272,"東安寓","羅東鎮","日勝發開發有限公司","東安段1040地號","住宅區",8,111/01/22,1,24.7,24.7,24.7,112/02/01,112/04/12,112/08/28,114/08/15,8,100,36,32.6,45.6,1177.4,1.46,11.3,12.3,19.2,23.6,已開賣(有預售實登),
273,"青見2","羅東鎮","九畝田有限公司","國華段436地號","住宅區",8,113/03/04,1,30,30,30,113/07/23,113/09/24,115/04/13,115/04/13,1,12.5,35.3,35.3,35.3,435,1.18,5.3,4.6,25.3,0,已開賣(有預售實登),
274,"鳳凰愛買25期","羅東鎮","晨昇建設股份有限公司","東安段1060地號","住宅區",20,113/12/31,2,36.4,34,38.8,115/02/06,115/03/17,115/04/07,115/07/04,10,50,34.5,31.1,38.7,657,0.95,-1.9,13.2,15.2,2.9,已開賣(有預售實登),
275,"文心蘭","羅東鎮","豐菖建設有限公司","新西安段723地號","特定農業區甲種建築用地",36,111/09/19,2,16.8,16.8,16.8,113/06/06,113/09/06,113/11/11,115/07/24,28,78,31.8,30,32.9,1066.3,1.89,15,20.6,25.8,20.4,已開賣(有預售實登),
276,"宏江馥莊","羅東鎮","宏江開發事業股份有限公司","十六份新段59地號","特定農業區甲種建築用地",30,112/08/14,2,23.9,22.9,25,113/01/05,113/02/07,113/03/04,115/03/22,24,80,31.6,28.8,36.2,1017.1,1.32,7.7,4.7,6.7,24.6,已開賣(有預售實登),
277,"東榮二段","羅東鎮","玉鼎建設股份有限公司","東榮二段23地號","第二種產業專用區",4,114/05/14,3,29,28.8,29.5,114/04/30,115/04/28,115/05/27,115/05/27,1,25,31.6,31.6,31.6,3750,1.09,2.6,-0.5,12.4,0,已開賣(有預售實登),
278,"櫻花紅豆","羅東鎮","玉山開發建設有限公司","十六份新段650地號","特定農業區甲種建築用地",21,109/12/19,1,17.2,17.2,17.2,111/03/11,111/03/25,111/05/07,113/09/16,14,66.7,30.4,24.3,37.6,820.3,1.77,13.2,14.7,16.6,28.4,已開賣(有預售實登),
279,"好徠居3","羅東鎮","泰勛建設股份有限公司","羅莊段80地號","住宅區",10,111/03/15,1,30,30,30,112/03/29,112/04/11,112/06/03,112/07/07,10,100,26.8,25.2,30.1,805.3,0.89,-3.2,12.5,14.6,1.1,已開賣(有預售實登),
280,"築林居","羅東鎮","築林興業有限公司","北成一段10-2地號","特定農業區甲種建築用地",3,111/02/21,1,14,14,14,111/11/16,111/12/19,112/03/01,112/03/21,3,100,26.6,25.9,27.1,858.3,1.9,12.6,8.8,12.3,0.7,已開賣(有預售實登),
281,"尚穎居","羅東鎮","興穎建設有限公司","國華段29地號","住宅區",18,109/10/07,1,29.5,29.5,29.5,111/01/21,111/03/25,111/05/03,113/03/04,18,100,26.4,25,27.5,867.3,0.89,-3.1,15.5,18.8,22,已開賣(有預售實登),
282,"國磐居樂","羅東鎮","國磐建設股份有限公司","十六份新段2地號","特定農業區甲種建築用地",30,110/01/18,2,20,20,20,110/10/06,110/10/27,110/11/06,112/12/20,30,100,26.3,24.4,29.3,908.4,1.32,6.3,8.6,9.6,25.4,已開賣(有預售實登),
283,"新群左岸","羅東鎮","明智富建設有限公司","新群二段568地號","特定農業區甲種建築用地",32,109/12/05,1,12.6,12.6,12.6,111/08/11,111/08/30,111/10/06,112/12/18,29,90.6,25.5,24.2,28,585.1,2.02,12.9,20.2,22,14.4,已開賣(有預售實登),
284,"鳳凰愛買-光榮家築","羅東鎮","晨光建設股份有限公司","東安段1045地號","住宅區",48,109/08/07,1,33.6,33.6,33.6,110/08/27,110/10/29,110/12/06,111/01/10,48,100,23.4,21.5,25.5,630,0.7,-10.2,12.6,16,1.1,已開賣(有預售實登),
285,"御品","蘇澳鎮","永來建設有限公司","思村段351-18地號","住宅區",26,109/09/29,1,5.3,5.3,5.3,111/01/12,112/05/22,114/07/16,114/07/16,1,3.8,24.5,24.5,24.5,1176,4.62,19.2,15.4,57.5,0,已開賣(有預售實登),
286,"卓閱","蘇澳鎮","鼎正開發建設有限公司","思村段907地號","住宅區",30,110/11/30,1,7.3,7.3,7.3,114/07/28,114/08/27,114/10/14,115/01/20,8,26.7,24.5,22.8,26.2,1315.5,3.36,17.2,43.9,46.5,3.2,已開賣(有預售實登),
287,"群亦澄亦","蘇澳鎮","群亦建設有限公司","文化段542-1地號","住宅區",8,113/12/11,1,9.5,9.5,9.5,114/07/21,114/09/01,114/10/08,114/10/25,7,87.5,23.3,22.3,24.7,1135.1,2.45,13.8,7.3,9.9,0.6,已開賣(有預售實登),
288,"謙羽上品","蘇澳鎮","凱達開發建設股份有限公司","新隆恩段401地號","特定農業區甲種建築用地",18,107/08/30,1,3,3,3,113/01/25,113/02/23,113/04/13,113/09/19,17,94.4,22.7,22,24,938.4,7.57,19.7,64.9,67.4,5.2,已開賣(有預售實登),
289,"享建築","蘇澳鎮","嘉福開發股份有限公司","文化段540地號","住宅區",44,113/12/11,1,9.5,9.5,9.5,114/11/18,115/02/05,115/05/24,115/06/18,3,6.8,22.7,22,23.4,671.3,2.39,13.2,11.2,17.4,0.8,已開賣(有預售實登),
290,"海藍境","蘇澳鎮","吉品建設股份有限公司","濱海段602-3地號","農業區",34,113/02/22,1,5,5,5,114/03/03,114/08/21,115/07/08,115/07/08,1,2.9,21.9,21.9,21.9,498,4.38,16.9,12.3,28.5,0,已開賣(有預售實登),
291,"圓美磐筑","蘇澳鎮","圓美建設有限公司","永愛段447地號","住宅區",57,110/11/03,1,8.6,8.6,8.6,114/11/28,115/01/14,115/03/21,115/07/26,13,23,21.3,19.4,22.6,724.8,2.48,12.7,48.8,52.5,4.2,已開賣(有預售實登),
292,"耀建築","蘇澳鎮","嘉福營造股份有限公司","永愛段918地號","住宅區",95,111/09/15,1,7,7,7,112/05/12,112/06/27,112/09/19,115/05/08,88,92.6,21.2,19.2,27.4,723.3,3.03,14.2,7.9,12.1,31.6,已開賣(有預售實登),
293,"晉讚賈天下2","蘇澳鎮","憶昌建設有限公司","蘇聖段331地號","住宅區",28,111/04/12,2,9.3,8.5,10,112/01/13,112/07/25,112/10/28,113/04/01,17,60.7,21.2,19.2,24.7,385.5,2.28,11.9,9.1,18.5,5.1,已開賣(有預售實登),
294,"好室多","蘇澳鎮","春德建設股份有限公司","永愛段379地號","住宅區",114,109/11/25,1,6.9,6.9,6.9,111/01/05,113/11/15,114/01/06,115/04/09,25,21.9,20.7,19.7,22.5,779.9,3,13.8,13.3,49.4,15,已開賣(有預售實登),
295,"百亨優閣透天別墅NO.10","蘇澳鎮","百亨開發有限公司","思村段864地號","住宅區",17,111/01/10,1,7.4,7.4,7.4,111/12/29,112/03/01,112/04/08,114/03/28,12,70.6,20.6,20,21.4,1022.5,2.78,13.2,11.6,14.9,23.7,已開賣(有預售實登),
296,"群亦信義","蘇澳鎮","群亦建設有限公司","思村段502地號","住宅區",12,112/06/20,1,9,9,9,112/12/29,113/05/23,113/06/21,114/07/16,12,100,19.6,19,20.3,462.3,2.18,10.6,6.3,12.1,12.8,已開賣(有預售實登),
297,"日安居","蘇澳鎮","晏居建設有限公司","坪林段34地號","住宅區",3,110/07/28,1,4.7,4.7,4.7,111/12/29,113/04/25,113/10/11,113/10/11,1,33.3,19.3,19.3,19.3,1060,4.11,14.6,17.1,38.5,0,已開賣(有預售實登),
298,"百亨優閣9","蘇澳鎮","百亨開發有限公司","思村段862地號","住宅區",16,110/05/03,1,7.7,7.7,7.7,111/02/11,111/06/08,111/08/31,112/07/01,13,81.2,18.1,17.5,18.9,575.9,2.35,10.4,9.3,15.9,10,已開賣(有預售實登),
299,"雅苑","蘇澳鎮","旭鼎建設有限公司","龍德段373地號","工業區丁種建築用地",16,112/03/07,3,4.5,3.6,6.2,112/09/22,112/10/23,113/02/28,114/06/14,16,100,17.3,16.2,18.1,420.8,3.84,12.8,6.5,11.8,15.5,已開賣(有預售實登),
300,"圓滿NO.5","蘇澳鎮","圓美建設有限公司","永愛段349地號","住宅區",3,109/12/16,1,7.6,7.6,7.6,111/03/11,111/04/05,111/05/26,111/06/01,3,100,17,16.4,17.7,860.7,2.24,9.4,14.8,17.3,0.2,已開賣(有預售實登),
301,"靚圓滿","蘇澳鎮","圓滿建設有限公司","永愛段533地號","商業區",41,110/04/26,1,9.1,9.1,9.1,111/03/10,111/03/18,111/03/27,113/03/09,41,100,16.9,15.5,25.1,435.7,1.86,7.8,10.4,11,23.4,已開賣(有預售實登),
302,"京禾三期文學苑","蘇澳鎮","京禾地產建設有限公司","文化段67地號","住宅區",12,110/01/13,2,6.8,6.7,7,110/07/02,111/02/28,111/05/16,112/02/04,11,91.7,16.4,15.8,18.3,475.5,2.41,9.6,5.6,16,8.7,已開賣(有預售實登),
303,"青逸居","蘇澳鎮","天燁開發建設有限公司","永愛段544地號","商業區",32,110/03/13,1,10.7,10.7,10.7,110/09/15,111/01/27,111/03/18,112/03/12,30,93.8,15.9,14.7,16.8,423.6,1.49,5.2,6.1,12.2,11.8,已開賣(有預售實登),
304,"保安富貴透天住宅","蘇澳鎮","鼎築建設股份有限公司","保安段757-8地號","住宅區",5,107/01/25,1,6.6,6.6,6.6,110/12/10,111/04/28,111/05/20,111/07/10,5,100,15.3,14.2,16.4,969.2,2.32,8.7,46.5,51.8,1.7,已開賣(有預售實登),
305,"村聲","壯圍鄉","寶麗金建設有限公司","壯志段528地號","特定農業區甲種建築用地",22,113/05/02,1,6.7,,,115/05/07,115/07/09,,,0,0,,,,,,,,,,儲備中(尚未有預售實登),22.4
306,"臻愛家No.2","冬山鄉","仲和建築經理股份有限公司","廣興一段1116地號","特定農業區 甲種建築用地",9,112/06/22,1,8.9,,,114/05/06,115/07/02,,,0,0,,,,,,,,,,儲備中(尚未有預售實登),23.7
307,"品生活NO5上品","羅東鎮","品生活建設股份有限公司","公正段798地號","住宅區",12,114/12/25,1,33,,,115/06/08,115/07/02,,,0,0,,,,,,,,,,儲備中(尚未有預售實登),38.1
308,"群亦澄亦2","蘇澳鎮","群亦建設有限公司","文化段542-15地號","住宅區",6,113/12/11,1,9.5,,,115/01/13,115/06/23,,,0,0,,,,,,,,,,儲備中(尚未有預售實登),24.1
309,"富登新18","蘇澳鎮","閎綸建設有限公司","永安段145地號","住宅區",18,113/07/03,1,4.5,,,115/06/09,115/06/22,,,0,0,,,,,,,,,,儲備中(尚未有預售實登),21.1
310,"弘程恆泰","宜蘭市","弘程建設股份有限公司","新公園段153地號","第二種工商特定專用區",11,115/01/14,1,25,,,115/05/12,115/06/22,,,0,0,,,,,,,,,,儲備中(尚未有預售實登),33.3
311,"冉冉・晴嶼","頭城鎮","冉冉開發股份有限公司","烏石港段118-9地號","住宅區",4,107/05/09,1,18.7,,,114/11/28,115/06/18,,,0,0,,,,,,,,,,儲備中(尚未有預售實登),29.5
312,"中道森活3","壯圍鄉","鼎弘健康生技有限公司","五權段789地號","特定農業區甲種建築用地",27,112/12/03,1,6.5,,,115/01/26,115/06/10,,,0,0,,,,,,,,,,儲備中(尚未有預售實登),22.3
313,"有鄰居8","員山鄉","相鄰建設有限公司","湖北段392地號","特定農業區甲種建築用地",15,111/10/09,1,7.5,,,115/04/23,115/06/10,,,0,0,,,,,,,,,,儲備中(尚未有預售實登),22.9
314,"青松賦","三星鄉","宜元開發有限公司","大湖段128-6地號","特定農業區甲種建築用地",4,112/04/19,1,6.8,,,113/04/12,115/06/08,,,0,0,,,,,,,,,,儲備中(尚未有預售實登),22.5
315,"協通光韻","宜蘭市","協通建設有限公司","北津段134地號","特定農業區甲種建築用地",32,113/06/22,1,12.6,,,115/02/13,115/05/25,,,0,0,,,,,,,,,,儲備中(尚未有預售實登),25.9
316,"踏踏鹿","礁溪鄉","僑馥建築經理股份有限公司","實踐一段375地號","特定農業區甲種建築用地",84,111/11/30,3,10.8,,,114/04/17,115/05/20,,,0,0,,,,,,,,,,儲備中(尚未有預售實登),24.8
317,"順和苑NO.7","壯圍鄉","天祿地球村科技有限公司","中興段703地號","特定農業區甲種建築用地",24,113/11/10,1,8.7,,,115/01/05,115/05/15,,,0,0,,,,,,,,,,儲備中(尚未有預售實登),23.6
318,"鼎勝傳家別墅II","冬山鄉","信基實業股份有限公司","香和段1017地號","住宅區",22,113/12/06,1,15.5,,,114/11/19,115/05/14,,,0,0,,,,,,,,,,儲備中(尚未有預售實登),27.6
319,"邑良居","羅東鎮","仲和建築經理股份有限公司","復興段347地號","住宅區",8,114/06/28,2,28,,,114/06/27,115/04/27,,,0,0,,,,,,,,,,儲備中(尚未有預售實登),35.1
320,"達觀水序","冬山鄉","達觀建設股份有限公司","柯林三段60地號","特定農業區甲種建築用地",28,112/10/16,1,11,,,114/10/23,115/04/11,,,0,0,,,,,,,,,,儲備中(尚未有預售實登),25
321,"青井澤17","礁溪鄉","磐谷建設股份有限公司","龍泉段401地號","住宅區",14,114/02/18,1,19,,,114/07/15,115/03/09,,,0,0,,,,,,,,,,儲備中(尚未有預售實登),29.7
322,"宸陽城陽7","員山鄉","宸陽建設有限公司","阿蘭城段160地號","鄉村區乙種建築用地",3,114/06/07,1,13.3,,,114/09/22,115/02/25,,,0,0,,,,,,,,,,儲備中(尚未有預售實登),26.3
323,"紘大晶鑽","壯圍鄉","紘大建設有限公司","中興段859地號","特定農業區甲種建築用地",27,111/07/22,1,8.5,,,114/03/21,115/01/12,,,0,0,,,,,,,,,,儲備中(尚未有預售實登),23.5
324,"百亨優閣-電梯華廈NO13","冬山鄉","百亨開發有限公司","廣興一段698地號","特定農業區甲種建築用地",27,110/10/08,1,5.2,,,114/09/17,114/12/16,,,0,0,,,,,,,,,,儲備中(尚未有預售實登),21.5
325,"久園逸境","宜蘭市","久園建設有限公司","進士段234地號","第二種住宅區",2,113/04/18,1,25.5,,,114/08/04,114/11/24,,,0,0,,,,,,,,,,儲備中(尚未有預售實登),33.6
326,"鳳凰愛買19期","冬山鄉","千水建設股份有限公司","武淵三段57地號","風景區丙種建築用地",42,113/05/02,1,7.2,,,114/09/11,114/09/19,,,0,0,,,,,,,,,,儲備中(尚未有預售實登),22.7
327,"怡華墅天地","五結鄉","怡華實業股份有限公司","利成段868地號","鄉村區乙種建築用地",92,112/02/22,1,6,,,114/04/17,114/08/19,,,0,0,,,,,,,,,,儲備中(尚未有預售實登),22
328,"品星","三星鄉","朕承建設有限公司","大坑段190地號","特定農業區甲種建築用地",2,113/06/07,2,7.5,,,114/06/23,114/08/14,,,0,0,,,,,,,,,,儲備中(尚未有預售實登),22.9
329,"舒美圓山","員山鄉","舒美興建設有限公司","油車段80地號","特定農業區甲種建築用地",26,111/12/05,2,8.4,,,114/07/21,114/07/30,,,0,0,,,,,,,,,,儲備中(尚未有預售實登),23.4
330,"四季藝墅","壯圍鄉","僑馥建築經理股份有限公司","壯濱三段199地號","鄉村區乙種建築用地",5,113/06/01,2,4.5,,,114/02/11,114/07/25,,,0,0,,,,,,,,,,儲備中(尚未有預售實登),21.1
331,"和寓","冬山鄉","品揚建設有限公司","香和段975地號","住宅區",14,109/08/17,1,4.8,,,112/10/23,114/06/13,,,0,0,,,,,,,,,,儲備中(尚未有預售實登),21.3
332,"常青紅5","五結鄉","德銘開發建設有限公司","五結段918地號","特定農業區甲種建築用地",7,112/09/12,1,16,,,113/04/15,114/06/06,,,0,0,,,,,,,,,,儲備中(尚未有預售實登),27.9
333,"富德家NO.7","蘇澳鎮","永欣建設有限公司","龍德段201地號","工業區丁種建築用地",20,108/10/29,1,6.4,,,114/02/13,114/06/03,,,0,0,,,,,,,,,,儲備中(尚未有預售實登),22.2
334,"茗墅苑","冬山鄉","日笙開發有限公司","和員段86地號","特定農業區甲種建築用地",4,113/01/09,2,10.2,,,113/10/21,114/05/26,,,0,0,,,,,,,,,,儲備中(尚未有預售實登),24.5
335,"永美首席2","員山鄉","佑晨建設有限公司","阿蘭城段10地號","鄉村區乙種建築用地",12,113/07/10,3,11.7,,,114/03/10,114/05/22,,,0,0,,,,,,,,,,儲備中(尚未有預售實登),25.4
336,"藏賦","蘇澳鎮","昇築建設有限公司","蘇市段4地號","住宅區",29,114/06/25,4,11.5,,,113/10/21,114/05/21,,,0,0,,,,,,,,,,儲備中(尚未有預售實登),25.3
337,"大隱安居","三星鄉","李旆締","大隱一段735地號","特定農業區甲種建築用地",28,113/04/30,5,6.9,,,114/02/25,114/05/08,,,0,0,,,,,,,,,,儲備中(尚未有預售實登),22.5
338,"悠謙謙","頭城鎮","和通開發建設有限公司","烏石港段426地號","住宅區",6,110/06/21,1,15.5,,,111/07/22,114/02/24,,,0,0,,,,,,,,,,儲備中(尚未有預售實登),27.6
339,"馬賽迴旋","蘇澳鎮","竣威建設有限公司","永愛段577地號","商業區",4,111/04/06,1,10,,,112/07/03,114/02/07,,,0,0,,,,,,,,,,儲備中(尚未有預售實登),24.4
340,"四季行館3","蘇澳鎮","德元建設有限公司","坪林段135地號","住宅區",13,110/07/27,1,6,,,113/07/23,114/01/15,,,0,0,,,,,,,,,,儲備中(尚未有預售實登),22
341,"麗富","五結鄉","興富耀建設股份有限公司","利福段1364地號","鄉村區乙種建築用地",7,111/12/04,1,5.3,,,113/01/18,114/01/02,,,0,0,,,,,,,,,,儲備中(尚未有預售實登),21.6
342,"桂冠公園1號院","宜蘭市","桂冠開發建設股份有限公司","健康段90地號","第二種住宅區",7,113/06/04,2,40.1,,,113/10/22,113/11/27,,,0,0,,,,,,,,,,儲備中(尚未有預售實登),42.3
343,"雙水漾","五結鄉","金神有限公司","鎮安段537地號","特定農業區甲種建築用地",2,111/01/11,2,8.3,,,111/09/16,113/11/19,,,0,0,,,,,,,,,,儲備中(尚未有預售實登),23.4
344,"寓見芳鄰【紐約公寓】","五結鄉","寓見開發建設有限公司","利工段1041地號","工業區丁種建築用地",10,112/08/26,2,8,,,113/04/11,113/06/26,,,0,0,,,,,,,,,,儲備中(尚未有預售實登),23.2
345,"寓見芳鄰【巴黎公寓】","五結鄉","寓見開發建設有限公司","利工段617地號","工業區丁種建築用地",5,112/05/01,1,7.1,,,113/04/11,113/06/26,,,0,0,,,,,,,,,,儲備中(尚未有預售實登),22.6
346,"敦有寶境","冬山鄉","敦有建設有限公司","寶員段255地號","特定農業區甲種建築用地",5,111/09/13,1,11.9,,,113/05/30,113/06/10,,,0,0,,,,,,,,,,儲備中(尚未有預售實登),25.5
347,"征泰大吉6","五結鄉","永征建設有限公司","大吉二段23-10地號","特定農業區甲總建築用地",19,112/11/23,1,7.5,,,112/10/02,113/06/07,,,0,0,,,,,,,,,,儲備中(尚未有預售實登),22.9
348,"夢想家第22期-容邑","蘇澳鎮","三釱開發有限公司","蘇聖段1073地號","住宅區",21,111/09/12,1,10,,,113/03/20,113/05/17,,,0,0,,,,,,,,,,儲備中(尚未有預售實登),24.4
349,"蘭居","宜蘭市","築林興業有限公司","擺厘段545地號","住宅區",4,112/02/11,1,19,,,113/01/10,113/02/20,,,0,0,,,,,,,,,,儲備中(尚未有預售實登),29.7
350,"向信画杺","員山鄉","向杺力建設有限公司","新金山段83-1地號","特定農業區甲種建築用地",22,111/11/07,1,16.9,,,113/01/12,113/01/25,,,0,0,,,,,,,,,,儲備中(尚未有預售實登),28.5
351,"享家Ⅱ-享戀","羅東鎮","享邑建設開發有限公司","公正段1249地號","住宅區",3,113/10/30,1,34,,,112/02/04,112/12/08,,,0,0,,,,,,,,,,儲備中(尚未有預售實登),38.7
352,"豐溢沐語","蘇澳鎮","豐溢開發有限公司","蘇市段79地號","住宅區",61,109/12/21,1,6.2,,,111/11/25,112/11/17,,,0,0,,,,,,,,,,儲備中(尚未有預售實登),22.1
353,"澐水","蘇澳鎮","竣威建設有限公司","永愛段577地號","商業區",4,111/04/06,1,10,,,112/07/03,112/09/27,,,0,0,,,,,,,,,,儲備中(尚未有預售實登),24.4
354,"東興豪邸","冬山鄉","在那邊蓋的有限公司","東興段121地號","工業區丁種建築用地",2,111/11/27,3,4.9,,,112/03/15,112/08/23,,,0,0,,,,,,,,,,儲備中(尚未有預售實登),21.3
355,"光隱V i l l a","五結鄉","光隱建設有限公司","大吉三段569地號","特定農業區甲種建築用地",13,108/03/26,1,6,,,109/11/18,112/07/13,,,0,0,,,,,,,,,,儲備中(尚未有預售實登),22
356,"夢想家第21期-容邑","蘇澳鎮","三釱開發有限公司","新隘段788地號","住宅區",24,110/12/17,3,6.5,,,112/04/20,112/05/19,,,0,0,,,,,,,,,,儲備中(尚未有預售實登),22.3
357,"丰野．哲隱三期","五結鄉","丰野建設股份有限公司","中福段797地號","農業區",36,111/06/06,3,16.8,,,112/03/03,112/03/16,,,0,0,,,,,,,,,,儲備中(尚未有預售實登),28.4
358,"征泰大吉5","五結鄉","征泰建設有限公司","大吉二段19-1地號","特定農業區甲種建築用地",9,110/03/05,1,6,,,110/07/13,111/07/06,,,0,0,,,,,,,,,,儲備中(尚未有預售實登),22
359,"丰野．哲隱二期","五結鄉","丰野建設股份有限公司","孝威段578地號","特定農業區甲種建築用地",32,110/07/05,1,14.7,,,111/01/07,111/01/14,,,0,0,,,,,,,,,,儲備中(尚未有預售實登),27.2
360,"祥豪富貴電梯華廈","蘇澳鎮","鼎築建設股份有限公司","保安段757地號","住宅區",8,107/01/25,1,6.6,,,109/09/01,110/12/27,,,0,0,,,,,,,,,,儲備中(尚未有預售實登),22.3
361,"天送．幸福","三星鄉","汎德建設股份有限公司","福和段816-1地號","特定農業區甲種建築用地",20,108/12/30,2,7,,,109/11/24,110/12/13,,,0,0,,,,,,,,,,儲備中(尚未有預售實登),22.6
362,"秀春透天別墅","礁溪鄉","林秀春","實踐段333-1地號","特定農業區甲種建築用地",1,108/11/25,2,7.1,,,109/02/07,110/09/06,,,0,0,,,,,,,,,,儲備中(尚未有預售實登),22.6
363,"麗玲透天別墅","礁溪鄉","黃麗玲","實踐段333地號","特定農業區甲種建築用地",1,108/11/25,2,7.1,,,109/02/07,110/09/06,,,0,0,,,,,,,,,,儲備中(尚未有預售實登),22.6
